mes;temperatura_min1;temperatura_min2;temperatura_max1;temperatura_max2;humidade_media1;humidade_media2;insolacao1;insolacao2;velocidade_vento1;velocidade_vento2;precipitacao;temperatura_min;temperatura_max;humidade_media
3;21.4;22.0;28.2;30.6;76.75;85.75;7.4;7.9;3.166667;4.633333;0.0;26.2;29.8;86.25
3;24.2;25.2;29.8;30.0;83.75;80.75;7.4;3.6;5.133333;3.433333;0.0;26.2;32.0;81.0
2;26.0;23.8;30.8;29.0;90.75;83.75;8.1;9.7;4.633333;5.4;0.0;27.0;31.4;72.0
4;25.0;18.0;29.4;28.6;78.75;85.5;8.9;3.6;4.366667;4.2;9.8;24.2;30.0;89.0
11;24.9;21.3;29.8;27.6;78.0;81.5;10.0;0.3;5.466667;3.066667;8.5;23.0;29.6;77.5
7;24.3;23.0;29.6;30.4;73.75;79.75;9.3;9.7;4.866667;3.133333;19.9;20.9;28.4;86.25
6;21.2;23.3;29.0;30.2;79.5;80.5;10.3;9.1;3.633333;4.233333;84.6;22.5;28.2;93.25
11;23.8;21.4;28.6;29.8;87.25;67.0;1.0;9.0;3.3;5.5;0.0;25.9;29.8;77.5
3;21.6;19.0;28.6;28.6;85.0;84.75;8.0;7.5;3.0;5.566667;70.1;22.4;30.8;78.0
12;22.8;21.1;29.6;28.8;78.25;76.5;9.2;10.5;2.233333;3.133333;0.0;24.8;30.0;83.0
4;20.2;21.8;28.2;30.4;78.25;88.75;7.7;9.3;5.533333;4.433333;11.9;23.4;30.4;85.0
8;23.0;21.0;30.6;28.8;85.75;72.0;10.4;9.0;3.8;5.5;3.2;21.0;28.8;81.25
1;21.1;23.4;28.2;30.6;79.5;72.0;8.3;7.6;3.7;4.066667;0.0;25.9;30.6;80.0
12;22.0;25.2;29.8;31.2;70.5;83.0;10.5;5.9;4.133333;3.3;0.0;25.4;30.8;75.5
11;24.0;20.4;30.6;26.8;81.75;91.25;8.4;1.0;4.8;3.9;12.0;23.8;29.2;84.5
3;23.8;21.5;30.4;29.6;81.5;85.0;5.6;10.1;2.266667;4.133333;0.0;26.6;31.4;79.5
9;21.0;23.2;31.0;28.2;89.75;90.0;9.6;1.8;4.433333;3.3;0.0;20.8;29.4;81.5
6;23.6;24.0;29.6;31.2;78.5;72.75;9.1;10.3;6.9;4.5;3.0;21.8;28.8;87.5
12;26.1;25.1;30.0;30.2;82.0;79.25;2.3;10.6;3.566667;3.133333;0.2;26.0;30.2;76.0
5;24.0;24.1;29.0;27.2;81.75;93.75;4.4;0.0;5.033333;2.5;12.5;23.7;29.4;85.0
8;24.4;23.0;31.4;29.8;82.5;74.0;9.3;8.6;3.3;4.4;0.9;21.3;31.2;78.25
3;23.2;23.8;29.6;29.4;78.5;71.75;9.6;10.1;5.466667;5.266667;0.0;22.0;31.0;80.0
10;21.8;24.8;29.3;30.8;78.5;74.5;10.5;9.9;3.4;4.433333;0.0;23.6;29.6;77.0
12;22.7;23.4;27.8;30.6;83.25;79.25;3.2;8.2;4.733333;4.266667;0.0;24.0;30.2;77.5
6;23.3;21.2;29.0;28.4;78.25;80.0;10.2;9.3;4.733333;4.733333;0.0;22.8;29.6;81.25
7;22.0;24.2;29.4;30.4;87.25;77.25;8.3;11.1;2.933333;4.466667;0.0;20.3;28.6;84.25
12;24.0;25.2;31.0;29.6;76.25;71.75;10.9;10.6;4.333333;5.066667;0.0;25.6;31.2;74.0
3;21.6;23.8;29.8;30.0;68.75;79.5;9.6;9.5;4.9;3.2;0.5;25.8;31.6;81.0
3;24.4;24.4;30.0;30.4;70.5;77.75;10.5;9.2;3.533333;4.4;0.0;24.2;30.8;76.0
4;25.2;22.1;31.4;30.0;81.5;81.0;9.8;10.5;3.633333;3.3;0.2;24.0;29.6;77.5
9;23.2;22.9;29.8;30.1;80.0;76.5;6.4;6.9;4.3;3.5;0.0;24.7;29.6;76.25
9;22.2;24.4;29.1;30.6;80.25;75.0;9.9;10.8;3.733333;4.633333;0.0;23.2;28.0;75.5
8;24.0;21.9;31.8;28.2;69.75;87.75;9.3;4.1;4.066667;4.3;0.9;21.5;27.8;83.75
6;20.4;22.2;28.4;29.2;77.25;75.25;8.3;10.2;5.133333;3.1;45.0;21.3;27.6;84.0
8;21.4;25.8;29.8;31.0;82.5;79.5;8.1;9.4;4.8;4.0;0.5;21.5;28.4;82.75
4;23.8;25.8;28.6;30.0;81.25;75.25;8.6;10.3;5.9;4.3;2.9;24.0;30.8;82.5
6;26.0;23.4;31.6;30.6;74.5;73.0;10.1;8.6;2.3;4.7;0.0;22.5;29.4;76.25
12;22.0;26.6;28.8;29.7;80.0;73.5;7.8;0.1;2.8;4.4;0.0;24.9;30.0;73.25
6;24.2;22.6;31.0;29.6;90.0;80.5;2.3;7.7;1.833333;2.1;10.2;22.6;29.6;82.0
3;22.0;22.6;29.4;31.8;79.5;79.75;10.0;9.1;4.433333;4.433333;0.0;21.6;30.6;82.75
2;21.0;23.3;28.4;30.0;81.5;89.25;9.4;7.5;5.133333;4.8;0.0;26.1;30.4;70.75
8;24.6;25.4;32.6;30.2;76.75;86.5;8.6;10.9;4.666667;5.0;0.0;21.8;30.0;74.25
10;23.8;25.6;29.8;31.2;87.5;80.0;5.4;6.0;3.133333;2.733333;0.0;24.6;29.8;79.75
12;25.2;26.0;30.6;30.2;73.5;76.0;9.9;8.0;4.866667;3.2;0.0;24.4;30.0;81.75
8;21.0;26.0;30.6;31.0;78.5;79.0;9.0;10.9;3.9;5.866667;4.6;20.7;28.2;80.25
8;22.3;26.0;28.6;30.8;76.0;74.75;8.7;2.0;4.433333;2.733333;0.0;20.3;29.6;80.75
6;26.7;24.1;31.2;29.6;75.5;78.75;6.9;0.5;4.8;3.966667;61.4;22.9;28.8;87.75
5;20.0;24.8;29.0;30.4;86.25;77.0;9.9;10.9;2.933333;4.866667;0.0;20.0;29.0;92.75
8;22.4;17.2;30.8;28.4;81.0;84.75;2.7;10.4;1.533333;4.3;1.2;21.1;28.4;90.75
9;25.0;26.1;30.4;30.2;80.75;75.75;10.2;9.2;5.566667;5.366667;0.0;25.6;29.4;78.25
1;22.1;23.4;29.0;29.6;88.25;83.5;6.4;4.7;4.133333;2.533333;1.6;25.2;30.1;78.5
4;23.7;24.6;29.8;29.2;89.5;83.0;4.6;0.9;3.4;2.333333;57.9;19.1;29.2;85.5
10;21.8;21.4;29.2;29.2;74.5;78.0;10.0;7.9;5.833333;4.833333;3.4;21.0;28.6;88.0
2;25.0;19.7;29.8;28.6;82.0;77.25;7.3;10.6;4.133333;5.133333;0.0;25.3;30.4;74.0
1;23.0;26.2;30.8;31.4;75.25;82.25;11.1;10.1;4.7;3.833333;0.0;26.4;30.2;76.0
7;21.1;24.7;27.6;30.0;89.5;81.25;10.9;7.5;3.133333;4.333333;0.6;18.2;28.4;84.75
1;25.0;22.6;30.0;29.6;78.25;75.75;10.1;11.0;3.666667;6.033333;0.0;26.2;31.0;78.75
6;22.0;23.6;31.2;29.0;91.75;85.5;1.1;8.4;1.433333;5.233333;0.0;22.3;28.8;75.25
12;20.0;25.4;30.0;29.8;79.75;78.25;10.7;10.9;4.966667;1.6;1.1;24.2;30.6;79.75
3;25.6;21.0;30.2;29.6;76.5;82.75;10.2;10.4;5.1;6.5;0.4;21.0;30.6;82.75
2;25.6;23.6;30.8;30.6;75.0;72.75;10.0;9.7;3.533333;5.533333;0.0;26.2;31.0;82.0
3;23.1;24.0;30.6;30.0;75.25;80.25;6.7;10.2;6.066667;4.033333;0.0;26.6;31.4;76.75
7;24.8;17.4;29.6;28.2;70.5;80.75;9.1;0.2;5.433333;4.966667;73.2;21.9;28.6;89.0
4;21.9;23.1;27.2;30.0;85.75;78.25;2.6;10.5;4.333333;4.6;0.0;23.8;30.0;82.0
11;24.4;25.1;30.6;29.6;81.75;86.0;10.5;3.0;4.966667;3.3;0.0;22.2;30.0;74.5
7;23.0;21.0;28.6;29.2;91.75;85.0;0.0;6.3;0.466667;3.633333;0.0;21.4;29.0;80.75
6;25.8;20.8;30.6;29.2;76.25;68.5;10.3;10.4;5.133333;4.533333;0.0;23.1;29.8;89.0
12;17.6;20.6;29.6;27.6;90.5;69.5;10.3;10.0;3.533333;4.5;0.2;26.2;30.8;72.5
6;24.2;22.8;29.8;30.4;78.25;77.75;10.1;9.8;5.7;4.866667;1.3;17.4;28.8;83.5
11;21.0;24.0;29.2;30.4;86.25;79.5;7.0;10.0;4.566667;3.666667;0.0;22.9;29.8;85.0
1;22.1;25.1;28.4;29.4;87.75;75.75;2.7;9.1;3.866667;4.966667;5.4;20.0;30.0;86.75
5;22.2;20.8;29.8;29.4;73.0;83.5;11.2;8.7;3.890733;5.8;0.0;22.5;29.8;81.0
12;21.0;22.1;28.2;29.7;73.25;80.0;9.9;7.4;5.233333;3.8;0.0;24.6;30.0;82.25
12;23.7;20.8;29.8;28.6;79.5;87.5;10.7;1.7;5.333333;6.366667;0.0;22.8;30.2;76.25
3;25.4;21.2;31.0;31.2;76.25;83.5;9.6;9.3;4.533333;4.533333;0.0;25.4;31.0;77.5
8;20.6;24.0;28.2;30.0;67.5;81.0;9.3;6.8;5.733333;3.366667;28.8;20.4;28.0;78.0
6;19.0;25.2;28.0;31.2;76.75;79.0;0.0;10.9;1.7;4.533333;4.5;23.7;29.2;76.0
6;25.2;26.4;31.0;31.6;79.75;67.0;10.8;11.1;3.4;5.333333;2.4;17.8;28.6;91.0
4;27.6;22.0;31.8;28.2;80.5;81.5;10.6;4.8;5.333333;4.766667;0.0;22.1;30.2;88.75
3;23.8;24.0;31.1;31.0;80.75;71.0;10.4;10.5;5.0;4.366667;0.2;25.4;31.2;81.25
4;25.4;20.6;30.4;27.4;73.5;92.25;9.9;8.1;2.9;5.6;0.0;25.2;31.2;79.75
4;22.5;25.0;29.4;30.2;76.75;81.5;10.0;7.1;2.8;2.433333;11.0;23.2;29.6;85.75
11;22.8;25.6;27.0;30.0;88.75;80.5;3.4;10.9;5.066667;5.2;0.0;24.8;29.8;73.75
12;26.4;23.1;30.4;29.7;71.0;77.25;9.8;8.4;6.1;4.133333;0.0;25.6;30.6;78.0
2;26.2;24.4;31.2;31.2;76.5;82.0;9.6;7.5;4.733333;3.633333;4.0;20.0;30.2;91.75
8;22.1;21.8;28.8;28.6;83.75;92.0;6.0;7.8;1.6;4.266667;2.9;20.6;28.6;77.0
3;23.0;21.4;28.4;29.8;90.75;74.5;3.8;10.5;4.4;4.433333;10.6;23.0;31.8;80.75
7;25.5;22.2;30.0;30.2;73.5;74.5;8.8;9.1;6.533333;4.266667;0.4;19.0;28.6;80.25
6;25.2;20.0;31.6;27.2;75.5;77.0;10.1;9.6;3.1;5.066667;31.8;22.0;29.0;85.5
12;15.4;24.8;28.8;31.2;77.75;81.5;10.5;8.7;6.3;4.3;0.0;25.4;30.4;77.75
4;24.0;24.2;31.4;30.6;75.5;80.25;8.4;9.6;3.966667;4.3;2.3;19.9;30.2;82.0
7;22.1;21.1;26.8;29.4;93.5;82.75;0.0;7.0;3.033333;3.466667;3.8;22.0;28.8;87.75
10;21.4;24.4;29.6;30.6;77.75;76.0;10.7;10.6;5.066667;4.133333;0.0;22.0;31.2;72.5
8;24.0;22.3;30.2;28.8;73.0;76.25;9.8;8.0;6.133333;4.233333;16.2;21.7;27.4;82.5
2;23.6;23.8;31.6;28.8;75.25;81.5;10.5;7.0;3.566667;2.533333;0.0;24.8;30.8;81.25
5;25.2;21.1;29.8;27.0;74.5;84.0;10.8;5.5;3.966667;5.366667;0.0;24.4;32.2;75.25
12;25.2;21.5;31.4;25.6;77.5;89.25;9.5;0.2;3.933333;2.3;0.0;21.4;30.2;76.75
2;21.5;19.0;27.8;25.8;93.75;93.0;3.6;0.0;3.433333;3.2;0.0;22.3;31.0;74.0
1;20.0;25.0;27.8;31.8;83.5;82.25;7.0;6.5;4.966667;2.366667;0.0;24.6;31.2;74.0
8;23.4;22.8;28.6;29.6;84.75;74.0;4.2;7.8;3.033333;3.766667;8.1;22.4;29.0;72.25
8;22.1;21.8;29.2;27.8;75.25;86.5;10.0;3.7;5.2;5.433333;171.9;21.8;27.0;82.0
9;19.6;25.0;30.0;30.2;88.0;78.5;10.3;1.9;4.033333;3.666667;0.2;24.2;29.4;79.25
4;17.2;18.6;28.6;28.8;95.0;75.75;10.8;10.9;3.533333;4.566667;1.5;23.8;30.4;80.0
11;20.8;22.6;29.0;29.5;89.0;76.75;5.9;7.3;4.333333;3.9;0.0;25.0;30.2;82.5
11;21.0;21.6;29.0;25.2;80.5;83.25;9.4;1.8;4.366667;3.166667;0.0;21.4;30.0;84.5
11;23.4;23.1;28.4;28.0;76.75;85.75;9.8;4.4;1.6;5.066667;0.0;24.9;30.2;73.75
9;20.3;25.2;29.0;30.8;80.5;77.5;10.1;10.1;3.5;4.033333;0.0;21.0;28.8;77.75
4;17.8;25.2;28.8;31.2;83.75;81.0;7.0;9.6;2.966667;4.533333;7.2;24.2;31.2;83.25
2;21.0;25.4;28.2;30.6;80.25;76.75;7.7;10.3;6.5;4.066667;0.2;25.6;31.4;78.5
10;22.2;22.8;30.4;27.0;75.75;92.5;10.1;0.0;3.766667;2.866667;0.0;22.3;30.0;72.25
6;23.4;23.0;28.8;30.6;78.25;86.0;4.0;10.4;3.966667;1.866667;16.2;23.0;29.8;81.5
7;19.8;20.0;28.2;29.2;85.5;92.5;0.0;8.8;6.666667;3.866667;35.6;21.1;28.2;85.75
6;20.0;21.1;30.0;29.8;80.5;82.5;7.9;7.1;3.766667;5.966667;0.0;22.8;29.4;75.0
11;21.6;24.8;27.8;29.6;82.75;81.75;6.4;8.2;5.8;4.933333;0.0;24.5;29.2;75.5
6;24.4;24.6;29.0;29.2;73.5;81.25;10.5;9.9;4.0;4.233333;0.0;19.0;25.8;93.0
8;22.2;24.0;28.9;30.6;83.75;81.5;10.2;8.4;3.8;3.3;0.0;22.0;29.2;81.0
8;26.0;23.6;30.2;30.2;76.0;80.0;3.1;8.9;3.033333;5.9;0.0;21.4;29.0;70.75
12;21.0;19.4;31.0;28.6;88.5;93.75;3.9;2.2;2.866667;2.566667;0.0;24.0;30.2;81.25
3;18.0;22.0;29.6;29.3;91.25;72.75;9.4;11.3;5.0;3.9;10.3;23.6;30.0;82.5
5;25.6;21.0;29.0;28.8;76.75;71.5;9.1;9.9;1.6;6.633333;0.0;23.4;30.2;77.5
5;24.0;21.0;31.0;29.4;68.25;88.5;10.5;8.5;3.966667;4.233333;2.0;23.4;29.4;87.0
11;22.0;25.0;30.0;31.4;84.5;76.5;4.9;11.0;4.066667;5.9;0.0;25.2;30.2;78.25
11;25.5;25.7;30.0;29.8;71.0;83.75;8.1;10.7;3.166667;4.066667;1.6;23.6;29.4;82.0
12;23.0;22.5;30.4;30.2;79.0;78.75;6.1;9.6;5.166667;5.433333;0.0;26.0;31.0;74.25
3;22.4;21.5;29.8;28.4;78.25;86.75;9.5;5.9;4.033333;2.733333;35.6;21.3;30.6;84.0
8;23.5;25.3;28.4;29.7;86.0;76.25;2.6;10.9;4.066667;4.3;2.9;22.2;26.6;95.0
7;24.4;20.0;29.6;28.2;75.5;94.0;10.6;6.3;5.2;4.2;3.9;23.4;29.6;79.25
10;19.2;22.5;29.6;30.0;86.25;83.0;5.7;5.2;5.5;3.433333;0.0;23.9;28.8;70.25
3;24.2;24.0;29.6;30.0;77.5;76.75;9.8;10.9;4.966667;5.2;2.1;25.3;31.5;87.0
4;20.0;25.0;30.6;30.0;79.25;75.75;10.6;9.7;4.966667;1.6;0.0;24.0;30.6;76.25
4;25.2;22.0;31.4;29.6;81.75;77.75;10.3;7.9;2.866667;4.566667;12.9;20.4;29.8;82.25
3;26.8;23.5;30.2;30.0;78.75;81.25;8.7;6.9;5.0;2.866667;0.0;23.0;31.2;84.0
11;24.0;21.5;29.6;29.0;79.25;79.25;7.3;8.8;3.3;1.6;0.0;25.6;29.8;68.25
3;23.1;24.2;26.8;30.0;91.0;78.5;0.0;10.3;1.066667;3.966667;0.5;24.4;30.4;79.0
2;23.7;20.1;29.6;27.4;81.5;93.5;8.5;1.5;4.8;3.3;3.5;24.1;30.2;72.25
12;22.5;26.1;28.4;30.2;87.25;80.0;0.6;10.8;1.6;4.533333;0.0;23.5;30.0;68.25
3;26.2;18.0;30.8;27.4;76.75;95.5;10.9;2.4;3.933333;4.066667;0.0;26.9;30.8;87.75
5;23.4;25.0;30.2;29.0;78.25;70.25;8.6;9.5;3.866667;4.733333;2.2;23.5;30.2;76.5
8;20.1;25.0;30.4;31.6;78.5;83.0;10.6;10.6;4.833333;5.6;0.0;22.3;29.0;80.0
3;24.5;23.7;31.6;29.6;67.75;84.0;8.3;3.9;4.133333;2.8;0.2;22.6;31.0;76.75
1;23.4;27.2;30.6;33.0;84.75;77.0;9.6;9.8;3.3;4.5;0.0;26.6;30.6;78.0
11;25.8;23.4;30.2;29.4;74.5;82.5;10.2;7.0;4.933333;3.566667;0.0;24.0;30.2;73.75
12;25.0;26.0;28.8;31.0;71.75;78.0;9.5;10.6;5.533333;4.9;5.9;24.9;29.4;78.0
2;18.0;24.5;28.4;30.8;91.5;81.0;2.4;9.9;5.333333;6.133333;0.0;24.1;30.6;82.5
8;24.6;20.6;30.8;29.8;78.0;82.75;7.9;7.0;3.966667;4.033333;0.0;22.4;29.0;79.5
5;25.2;21.0;30.0;30.8;77.25;73.75;11.2;10.6;3.8;4.533333;21.8;22.8;30.0;79.5
4;24.0;21.9;29.6;28.6;81.25;84.0;9.4;9.7;4.633333;3.833333;0.0;24.1;31.2;78.0
7;20.2;25.6;27.6;32.0;94.0;82.25;0.6;5.5;2.3;0.8;2.9;18.0;27.6;96.25
7;24.4;25.2;30.0;30.6;81.75;73.5;6.3;9.9;1.6;4.866667;0.0;21.6;29.2;75.75
1;22.3;24.0;29.4;30.0;88.5;81.0;8.2;5.8;4.766667;3.866667;0.0;25.6;30.6;75.5
3;24.4;21.2;30.0;31.0;75.75;79.5;10.8;10.7;3.633333;5.066667;0.3;24.2;30.6;82.75
6;24.5;23.3;30.0;30.0;70.5;83.25;10.2;10.2;2.4;4.833333;0.7;25.1;29.2;81.5
2;20.8;25.0;29.2;30.8;87.5;82.75;8.5;8.6;5.7;2.2;0.0;25.0;31.0;74.5
12;22.2;21.5;30.6;26.0;75.5;95.5;10.0;0.0;4.9;1.966667;0.7;25.2;31.4;76.25
8;21.3;21.5;30.0;28.6;86.5;74.75;6.0;6.6;1.366667;5.533333;0.5;21.8;29.0;75.0
10;23.8;20.8;31.4;29.2;71.5;75.25;10.1;1.8;4.766667;4.133333;0.0;25.5;30.2;75.5
5;21.0;26.6;28.4;31.2;82.25;74.0;9.7;10.5;2.733333;4.0;0.0;22.8;30.2;78.75
9;24.0;22.2;31.0;29.6;83.5;85.75;10.4;6.3;5.0;3.466667;18.6;18.8;28.6;87.75
6;22.8;23.6;28.8;29.4;74.0;80.5;10.2;6.3;5.266667;1.6;0.0;21.7;29.4;83.5
7;20.5;21.8;29.0;28.6;76.75;82.25;10.5;10.4;6.633333;5.4;0.0;21.3;28.6;80.0
2;20.2;25.4;28.2;30.0;70.0;81.0;8.9;9.9;3.533333;3.4;0.0;27.2;32.0;78.0
1;22.0;21.8;30.0;29.4;81.0;80.5;1.0;7.9;5.3;5.633333;0.9;24.0;30.4;79.0
11;23.1;26.6;29.2;30.4;80.75;81.25;0.6;9.7;5.866667;4.433333;1.2;21.2;29.8;83.5
11;20.0;22.6;28.2;30.4;78.0;81.0;6.9;10.0;6.633333;3.566667;0.0;24.6;30.0;84.25
12;20.3;18.2;28.0;29.4;83.5;75.25;5.8;10.0;5.0;4.7;0.0;23.0;30.2;74.25
1;24.4;27.4;30.4;31.4;80.5;85.75;10.4;10.3;1.6;5.266667;83.6;22.4;30.2;91.5
11;24.2;22.6;30.8;29.6;76.75;81.5;10.5;9.9;5.233333;4.0;0.6;20.6;30.0;82.5
5;22.0;20.6;29.2;30.6;84.0;86.5;9.2;7.3;5.1;4.966667;0.0;21.6;30.0;79.25
7;23.4;20.6;30.0;30.0;79.25;82.5;10.6;10.0;4.8;4.033333;6.4;21.1;26.0;86.5
1;27.3;23.8;31.0;29.6;75.75;79.75;10.0;10.1;5.1;4.633333;0.0;23.4;30.4;90.25
7;23.4;22.1;30.6;29.0;78.5;83.75;7.8;3.4;4.3;1.533333;0.0;21.6;29.2;83.75
7;23.4;24.8;29.6;30.8;72.5;77.25;9.2;9.5;5.666667;6.3;0.0;22.0;30.0;82.0
7;25.2;24.0;31.0;30.8;71.5;88.75;9.1;4.7;5.0;4.2;0.0;17.4;28.2;80.75
5;23.9;27.2;27.8;33.2;88.25;70.75;2.3;10.5;3.033333;4.7;0.0;24.3;30.2;80.25
5;25.2;21.9;30.8;28.6;80.0;87.5;7.3;7.2;3.9;1.6;1.0;23.0;29.2;83.5
4;16.8;24.8;28.2;29.4;84.75;81.0;10.3;10.8;5.566667;5.633333;0.0;24.1;31.0;69.5
11;20.0;25.0;27.8;30.4;76.5;79.25;9.1;9.4;4.166667;4.7;0.0;22.4;30.2;76.5
9;24.0;23.8;30.8;30.4;81.0;78.5;8.1;10.1;3.533333;5.2;0.0;24.4;28.6;75.75
11;22.0;21.4;27.6;29.2;83.0;76.0;5.1;10.7;5.0;4.9;0.0;22.0;30.0;81.0
10;24.2;26.0;29.6;30.4;77.25;74.0;10.5;8.5;4.8;3.3;0.0;25.5;30.4;71.5
8;19.8;23.0;30.0;30.0;78.5;82.0;3.5;6.0;4.4;3.366667;31.9;20.6;27.4;89.5
1;21.8;21.0;29.8;26.8;74.75;78.25;9.6;0.9;4.166667;4.4;0.0;25.0;30.0;73.0
7;23.6;19.8;29.4;28.8;72.5;73.75;3.6;8.6;3.4;3.3;7.6;17.2;28.0;96.25
12;21.8;24.8;29.3;29.3;78.5;75.5;10.5;10.9;3.55;5.1;0.0;25.8;30.0;72.5
9;19.0;23.8;29.8;31.0;87.5;68.75;5.8;9.6;2.833333;4.433333;0.0;21.8;29.8;81.75
9;23.0;27.0;29.4;30.8;77.5;70.0;7.4;9.6;4.4;4.266667;0.0;25.2;29.4;80.25
11;22.9;25.1;29.0;31.2;81.5;73.0;9.3;9.8;2.6;4.2;0.0;25.8;30.6;77.75
10;23.6;21.1;30.4;28.4;77.5;89.25;10.0;7.4;3.733333;5.266667;1.8;19.8;29.4;88.5
2;24.4;23.4;32.0;29.4;78.5;84.25;9.2;2.7;2.433333;2.133333;0.0;26.2;30.6;76.5
11;21.0;24.6;29.6;30.2;79.0;82.75;9.8;9.2;6.033333;2.533333;0.3;19.4;30.0;85.5
6;20.0;23.2;29.2;30.2;80.5;78.0;2.6;8.5;2.733333;4.4;10.4;22.4;29.2;92.5
9;21.8;20.5;30.2;29.2;83.0;79.5;9.5;9.3;4.566667;7.2;2.0;21.1;28.6;72.0
2;21.1;23.1;29.2;27.0;80.5;89.0;10.5;0.2;4.9;2.666667;20.2;22.2;30.2;77.0
7;21.3;23.1;28.8;30.2;77.0;77.5;10.2;7.2;5.066667;3.0;2.0;21.5;28.0;78.0
10;25.0;22.5;30.6;30.8;82.0;79.5;5.3;10.0;4.966667;4.066667;0.0;25.4;30.4;74.5
7;25.0;22.0;30.0;29.4;75.75;76.5;11.1;10.6;4.733333;3.266667;3.0;21.8;28.3;84.75
3;21.1;26.0;29.2;30.6;80.75;75.0;9.5;10.7;4.966667;6.4;5.4;24.0;30.8;80.25
2;24.2;23.0;30.2;28.0;79.75;89.25;9.2;1.3;3.133333;2.9;0.0;25.8;30.2;78.75
12;20.0;21.0;30.6;30.4;77.75;86.75;11.1;10.7;4.8;2.8;1.8;23.4;30.0;72.75
3;18.4;19.6;26.4;30.4;96.0;90.25;0.0;6.1;2.733333;3.766667;0.0;24.7;30.0;79.75
8;25.6;22.3;30.4;30.6;78.0;80.5;10.8;10.4;5.966667;4.666667;10.1;19.3;29.0;84.25
5;22.9;21.0;27.8;31.0;90.75;79.0;6.1;10.5;4.433333;4.133333;0.0;23.6;30.6;77.75
4;24.2;21.8;31.2;28.6;79.75;91.5;10.8;1.3;3.733333;3.2;11.2;22.6;30.0;82.5
2;20.5;24.5;28.2;29.2;83.5;75.5;10.7;4.8;4.966667;4.2;6.8;24.1;27.6;93.75
10;26.1;25.6;30.8;31.2;73.75;75.75;9.6;9.9;5.066667;4.566667;0.2;24.0;30.0;76.0
6;24.2;19.1;31.0;27.4;82.75;89.75;7.1;2.5;2.3;1.6;0.0;22.2;29.2;83.25
9;17.8;25.8;28.4;31.6;84.75;77.0;9.5;9.1;5.633333;5.033333;0.0;24.6;29.2;82.0
8;25.0;23.6;30.0;29.0;77.5;89.75;10.7;2.9;4.3;1.333333;10.0;21.9;28.6;87.5
5;23.0;23.2;30.2;29.8;79.75;71.75;9.6;9.9;4.533333;5.8;0.9;23.8;30.0;85.0
10;21.8;23.2;29.8;28.8;75.0;85.25;9.9;7.2;4.333333;4.666667;0.0;23.0;30.0;78.0
9;24.2;25.4;30.6;29.8;80.0;72.75;10.7;10.2;4.266667;1.6;0.0;24.9;29.6;74.5
4;19.8;22.6;28.2;29.4;76.75;82.0;8.5;5.0;5.8;3.033333;0.0;23.0;31.8;83.25
5;26.0;21.0;30.2;28.6;76.25;81.0;9.9;9.9;4.733333;4.4;0.0;23.1;30.4;91.75
1;24.0;22.8;29.4;28.8;81.25;82.5;9.7;7.0;5.533333;2.2;0.3;24.2;30.4;80.5
7;23.1;21.6;28.8;28.8;80.75;78.25;8.0;9.8;4.233333;5.233333;2.7;21.1;28.6;83.25
1;23.4;26.6;30.6;30.0;83.25;79.75;9.2;7.3;3.833333;4.233333;0.0;25.8;30.8;77.5
3;18.0;26.2;28.6;31.8;82.5;87.25;7.6;9.0;5.2;5.1;0.3;25.8;30.6;78.25
7;23.5;23.3;29.2;29.0;86.5;88.25;3.9;3.9;4.233333;2.166667;0.0;21.9;28.6;75.75
3;25.9;21.0;30.6;29.2;82.0;87.0;0.6;10.3;4.433333;5.2;0.0;23.4;30.2;79.25
6;25.7;22.8;30.8;28.2;81.25;72.0;10.4;9.1;4.15;5.8;0.8;22.3;29.6;84.25
6;20.3;25.8;29.0;29.8;78.0;78.25;10.6;11.2;4.366667;3.033333;6.4;22.8;29.8;82.75
4;21.4;22.6;28.6;29.0;85.75;85.0;9.4;7.9;4.266667;5.066667;0.5;19.4;30.6;87.25
2;22.5;23.9;29.8;31.2;83.0;87.25;9.6;7.0;6.633333;2.733333;0.0;25.2;31.0;73.0
11;25.6;23.0;30.6;29.4;75.25;92.25;8.0;4.9;4.866667;4.666667;3.7;24.4;30.4;74.75
3;21.0;25.0;29.8;31.0;75.0;81.0;10.4;9.8;5.1;5.866667;26.9;23.2;30.6;82.25
6;21.1;20.0;30.0;30.0;87.75;79.75;9.9;9.4;4.7;4.866667;18.9;20.0;26.2;94.5
11;23.0;24.2;28.2;30.8;91.0;84.5;1.5;10.4;3.3;4.433333;0.0;25.6;30.4;73.75
8;25.6;25.4;30.6;31.0;77.0;78.25;10.7;10.7;6.233333;5.4;0.0;21.3;29.0;79.5
5;24.8;25.8;30.8;30.6;70.25;72.25;8.3;10.8;2.966667;3.3;0.3;23.3;29.6;85.25
10;19.5;22.3;29.8;27.0;79.5;92.75;8.5;0.8;4.1;0.266667;0.7;19.8;29.4;88.5
10;25.8;18.4;30.6;28.4;73.5;78.75;11.0;9.9;3.866667;4.3;0.0;22.1;29.4;73.25
5;21.2;23.4;28.8;30.0;85.5;84.25;10.2;4.3;3.666667;5.233333;1.9;23.1;29.8;87.75
5;23.8;25.0;31.0;30.4;71.75;78.75;7.6;10.8;3.766667;4.466667;0.0;21.0;29.8;78.75
1;22.0;25.6;30.6;31.2;83.75;75.0;9.1;10.3;4.533333;4.333333;0.5;24.0;31.2;76.0
6;24.0;25.8;30.2;30.2;75.25;76.5;10.8;5.8;6.4;2.866667;0.0;22.0;29.4;79.25
5;23.0;24.2;29.2;28.8;85.0;80.5;6.7;9.5;4.366667;4.066667;0.4;25.7;29.2;83.75
9;21.8;22.8;30.4;28.2;87.5;89.0;10.1;0.0;3.966667;3.233333;0.0;21.0;29.0;77.25
2;23.1;21.0;30.4;29.4;78.0;80.5;10.5;6.2;3.7;4.4;0.5;25.1;30.4;75.25
12;18.4;20.5;29.0;27.6;92.5;87.5;3.3;4.3;3.7;3.466667;0.7;26.0;30.4;79.75
7;24.2;25.5;30.2;30.4;80.75;71.5;10.6;10.4;3.833333;3.133333;0.0;20.0;26.8;89.25
6;22.9;22.6;31.0;29.0;78.5;82.5;8.5;9.9;5.5;5.433333;43.6;22.4;29.6;84.5
2;23.2;22.3;28.6;29.0;75.25;89.0;10.4;0.0;4.066667;5.066667;0.0;27.2;31.0;76.25
11;25.6;22.1;29.8;29.2;76.25;74.5;10.7;10.7;4.133333;1.6;0.0;26.0;30.8;73.5
10;23.9;17.8;29.4;27.8;89.75;78.75;5.5;10.1;2.766667;5.533333;0.0;25.4;29.8;78.5
12;25.2;23.5;30.4;27.4;77.5;93.25;10.4;0.2;4.133333;2.866667;0.0;24.8;30.2;80.0
1;25.1;23.4;28.8;29.4;71.0;86.25;8.2;1.8;5.066667;4.2;0.0;21.8;30.0;86.5
10;24.4;20.8;31.0;28.6;80.0;95.0;10.0;7.8;3.733333;4.033333;0.5;22.5;29.6;80.25
9;21.1;23.2;27.6;28.4;79.5;78.75;7.2;8.9;4.7;5.566667;0.0;21.2;29.2;81.0
2;23.4;18.6;30.0;28.2;81.25;95.0;9.7;6.3;4.733333;3.433333;12.6;22.8;30.8;75.0
8;19.4;22.4;30.0;29.4;91.75;79.5;8.1;9.7;4.5;6.033333;0.0;21.8;28.8;79.5
9;23.1;22.7;29.0;30.1;81.5;79.25;8.7;9.1;3.5;1.6;0.0;22.8;29.6;74.25
4;25.6;21.2;31.2;28.6;75.0;80.5;10.3;10.3;4.333333;6.366667;6.0;22.0;30.6;83.75
11;24.6;25.4;30.6;30.4;77.0;71.75;10.6;10.0;3.633333;5.3;0.0;26.2;30.0;73.25
12;23.2;26.8;29.2;31.2;72.5;75.75;8.5;8.9;5.666667;3.366667;2.4;24.0;30.4;86.0
10;25.0;22.3;31.0;27.4;77.0;92.75;10.6;0.5;3.933333;1.6;0.0;24.7;30.2;76.25
5;22.7;19.4;29.2;29.2;78.5;81.75;10.6;9.8;5.2;4.9;0.4;23.3;29.6;87.75
7;23.4;20.0;29.8;29.6;82.5;89.0;9.6;10.3;4.7;4.433333;0.0;20.2;28.5;80.5
10;24.5;22.3;29.4;29.2;76.5;84.5;10.6;9.5;3.7;3.533333;0.0;24.8;29.0;74.25
5;23.0;23.5;29.4;29.8;78.0;84.25;10.4;6.7;4.8;3.966667;32.4;18.4;28.6;90.5
11;24.2;23.8;30.8;30.0;76.25;77.0;8.1;6.8;5.033333;4.133333;0.0;23.6;30.2;74.75
7;23.4;22.1;30.6;29.0;72.0;74.5;7.6;9.7;4.066667;4.8;0.0;21.1;28.2;79.5
9;18.4;23.0;28.6;29.4;90.5;78.0;0.3;10.4;3.033333;4.8;0.8;23.0;29.0;83.25
10;25.6;26.8;30.4;31.0;83.0;78.5;0.0;9.9;3.833333;4.866667;0.0;20.7;29.8;74.25
5;25.0;20.0;31.4;29.8;77.75;89.75;10.6;8.4;3.3;3.9;5.1;23.8;30.4;78.0
12;23.4;25.0;29.6;31.0;77.0;82.25;7.0;7.1;5.1;6.2;0.4;23.0;30.8;83.0
7;21.0;24.0;30.0;30.4;83.25;78.5;7.7;10.7;3.366667;3.466667;2.3;23.1;28.4;85.25
2;21.6;21.0;28.8;29.8;86.0;79.25;3.8;10.2;4.0;5.166667;0.0;26.0;30.4;78.75
3;23.2;25.6;29.6;31.4;84.75;80.5;0.6;9.8;3.3;4.8;0.0;23.8;31.2;79.25
6;21.0;20.1;30.0;29.0;77.5;82.5;6.9;10.4;4.433333;4.766667;64.6;20.0;26.2;95.75
1;24.0;22.7;29.0;29.6;80.5;81.25;10.3;10.4;4.966667;3.7;0.0;25.3;30.8;73.25
10;23.1;22.2;29.6;28.8;78.0;80.25;9.8;9.6;4.733333;3.866667;1.5;23.4;29.2;80.75
10;20.6;20.8;29.0;28.2;62.25;82.25;10.5;5.8;4.233333;2.9;1.2;22.8;30.2;75.25
12;25.1;25.8;29.8;30.2;87.0;77.5;10.5;4.9;4.666667;5.466667;0.0;24.4;30.8;78.5
8;25.2;25.9;30.6;30.0;74.5;81.0;9.0;10.4;3.5;3.533333;1.6;21.9;28.8;80.75
12;24.2;17.6;29.4;28.4;88.25;96.25;4.3;10.1;2.2;3.9;4.0;24.0;30.0;78.5
7;19.8;24.4;30.4;30.4;75.0;80.25;9.0;7.6;5.9;1.6;13.9;19.5;28.8;88.0
3;25.4;22.0;30.8;29.8;75.5;70.5;8.6;10.5;4.6;4.133333;0.1;22.5;29.9;86.25
8;23.6;23.6;30.0;30.8;80.5;73.75;11.1;9.7;4.266667;4.566667;0.0;23.0;29.2;83.0
10;23.1;24.0;31.4;31.0;82.0;72.0;10.3;10.0;1.6;5.0;0.0;25.0;30.0;76.0
12;25.2;22.2;31.2;29.8;81.5;82.25;6.3;10.4;4.7;2.066667;0.0;25.2;30.6;74.75
2;19.8;25.6;28.6;29.6;78.75;72.75;9.7;10.2;4.933333;4.033333;1.7;26.2;30.4;78.0
2;24.0;19.0;30.8;30.2;88.75;90.25;4.7;10.0;4.2;3.433333;0.0;25.2;31.0;71.5
5;22.8;20.0;29.4;27.8;72.75;81.0;10.5;8.5;4.133333;5.3;5.6;22.4;29.8;83.25
1;19.0;24.3;28.8;30.6;77.25;77.0;10.5;4.9;4.966667;4.133333;0.0;25.6;30.0;72.25
11;24.0;23.2;30.2;30.2;78.75;84.5;11.0;9.9;5.133333;3.733333;1.1;24.1;29.8;77.5
9;26.1;26.6;30.4;30.0;78.0;72.5;1.0;10.4;4.433333;4.366667;0.0;20.2;29.0;84.5
7;21.2;23.0;28.4;31.0;88.0;87.75;8.1;9.9;4.6;4.7;2.3;18.1;27.6;92.75
7;24.2;24.8;32.4;29.8;77.5;70.0;10.6;9.4;2.966667;5.166667;2.5;21.9;29.0;85.5
10;22.5;23.8;30.8;27.8;82.5;89.5;7.4;1.5;3.9;1.933333;3.6;22.0;29.8;75.0
3;21.0;25.4;29.2;30.4;84.5;76.0;8.6;10.4;5.066667;3.3;13.7;23.1;27.8;91.25
10;21.0;20.0;28.6;28.8;81.0;74.0;8.2;9.2;3.066667;5.233333;0.7;25.2;29.6;76.5
11;21.8;26.0;29.6;31.4;73.0;70.5;5.8;10.5;4.533333;4.633333;0.0;23.9;29.2;73.0
6;21.1;20.2;26.4;29.6;83.25;88.5;1.0;9.7;5.833333;5.7;6.2;23.1;26.8;89.0
3;21.2;22.8;28.8;30.0;84.0;76.25;9.2;8.8;4.633333;3.966667;4.2;25.0;30.8;83.5
6;22.5;19.4;29.8;29.8;82.75;89.25;11.0;9.4;5.9;3.966667;0.5;23.5;28.6;84.75
2;24.0;22.5;29.4;28.8;78.0;86.25;9.5;3.8;5.6;3.033333;10.9;21.8;29.6;80.25
1;21.4;19.0;29.8;28.2;67.0;92.5;9.0;2.6;5.5;1.866667;1.0;23.8;28.6;87.25
9;25.6;25.3;31.0;30.4;75.75;75.0;10.8;10.4;5.2;4.8;0.0;20.9;29.0;75.75
11;24.0;22.9;30.0;30.8;80.75;84.75;10.6;8.3;5.1;5.133333;0.2;20.6;29.4;79.5
3;23.2;25.0;30.2;30.8;85.5;83.5;5.9;7.7;3.833333;3.866667;3.2;23.8;30.6;85.25
5;21.6;22.0;27.2;30.6;90.5;77.5;2.4;7.4;3.3;4.333333;0.0;25.2;30.0;80.75
6;22.3;18.6;30.8;29.8;82.25;83.5;8.5;6.0;3.066667;5.033333;1.6;21.8;29.5;73.25
12;20.2;20.1;30.4;30.2;91.5;78.0;8.5;10.5;4.933333;4.733333;0.0;23.6;30.2;82.0
7;26.7;20.0;30.6;28.2;79.75;81.0;10.4;10.0;4.8;4.3;0.3;21.0;28.4;82.75
2;23.8;25.6;31.4;30.8;78.5;82.25;10.8;10.9;1.633333;3.8;0.0;24.1;30.1;76.0
1;24.1;24.0;29.8;30.2;77.5;78.75;8.6;11.0;5.333333;5.133333;3.6;25.8;30.0;76.5
10;19.0;23.5;29.0;29.2;86.75;80.5;10.7;5.5;5.033333;4.466667;0.0;24.2;30.0;75.0
4;25.4;26.6;31.2;31.8;80.5;75.25;9.7;10.5;3.733333;3.133333;0.1;24.2;30.8;79.25
8;24.8;22.3;30.4;29.4;73.0;89.5;10.8;2.3;3.4;2.733333;8.0;21.5;27.6;80.75
2;24.1;19.8;30.6;29.2;82.75;82.0;10.1;10.1;3.966667;5.2;0.8;26.4;31.4;74.25
11;23.2;23.6;28.3;29.8;87.5;75.5;3.0;10.3;2.4;5.566667;0.0;24.2;30.0;75.25
10;25.2;21.0;30.4;28.0;76.0;82.75;9.1;8.9;6.3;3.4;0.0;22.1;29.6;75.5
6;22.6;21.4;30.0;29.0;80.5;73.0;9.6;10.3;4.566667;3.366667;5.3;22.5;27.4;89.5
2;25.2;22.4;31.6;28.2;78.25;81.0;10.5;4.8;4.133333;3.533333;0.0;23.8;30.8;79.25
10;22.7;22.4;28.6;29.2;88.25;79.5;3.9;7.0;2.733333;5.1;0.0;24.2;31.0;78.0
6;23.8;24.6;31.0;32.0;80.0;75.75;7.9;10.3;5.166667;5.333333;0.0;23.4;30.2;86.25
10;20.7;24.2;28.0;31.2;80.0;76.75;10.0;9.5;3.233333;3.9;0.5;24.8;29.8;78.25
9;18.0;19.8;28.8;29.4;82.5;82.25;7.9;9.2;3.733333;4.6;0.0;22.3;29.4;79.5
7;25.2;22.5;29.8;30.2;77.5;79.75;10.6;3.0;4.433333;1.6;27.6;20.8;26.2;94.75
5;25.0;25.4;30.0;30.0;74.75;83.25;10.6;10.1;5.366667;4.466667;0.0;23.0;30.6;77.0
11;22.2;24.4;30.2;30.0;78.5;74.0;7.7;10.6;3.566667;4.966667;0.0;24.4;29.8;75.75
7;26.0;23.0;30.8;30.0;81.75;82.25;9.5;10.4;5.266667;2.866667;0.0;17.6;28.6;95.0
8;23.2;20.2;29.4;27.0;81.25;92.25;5.8;2.3;4.1;4.533333;1.2;20.4;25.6;92.75
10;21.5;25.8;28.2;31.2;79.75;76.25;8.9;8.8;4.633333;2.866667;0.0;21.0;29.4;79.75
1;26.5;24.1;30.8;31.0;71.5;78.25;11.0;10.0;5.966667;5.766667;0.0;25.0;30.4;79.5
5;24.0;22.0;31.2;30.6;76.0;83.75;10.1;9.1;4.4;4.533333;0.0;21.6;30.2;78.75
6;24.2;24.8;31.6;31.0;79.5;88.0;11.6;9.0;5.248133;3.433333;0.0;22.2;29.6;82.75
11;25.2;24.6;29.6;30.8;85.75;74.25;1.2;10.5;2.3;4.2;0.0;23.0;30.2;75.0
12;20.6;23.5;27.6;30.4;90.25;78.25;0.0;4.9;2.833333;4.133333;0.0;24.0;30.8;83.75
12;25.8;24.2;30.8;30.8;72.5;82.0;11.1;0.0;3.666667;3.466667;1.2;26.0;30.8;78.25
9;21.4;21.7;30.6;28.6;82.25;82.0;9.9;10.3;4.633333;3.366667;3.1;23.3;29.0;68.25
4;25.9;21.1;30.6;28.2;80.0;79.5;10.7;8.3;4.3;3.7;0.0;22.0;30.6;79.75
10;25.7;23.6;28.8;29.4;83.75;82.5;7.0;7.7;4.2;4.066667;0.0;20.8;29.2;85.5
1;26.4;24.2;31.6;31.4;67.0;80.5;11.1;10.3;5.333333;5.1;0.0;25.2;31.0;79.75
3;22.9;22.0;29.6;30.2;75.25;71.75;9.8;10.7;5.533333;3.4;0.0;23.8;31.0;68.75
1;24.0;19.6;30.4;28.0;80.0;76.5;8.7;9.4;4.433333;5.033333;0.0;23.6;30.4;78.0
1;25.8;26.0;31.2;30.6;76.75;74.5;10.8;2.5;2.0;3.933333;0.5;23.4;30.7;71.25
10;19.6;21.8;27.8;29.0;84.25;78.75;4.4;9.3;5.2;4.633333;0.0;23.6;29.4;74.5
11;21.4;25.3;29.0;29.6;85.0;76.0;9.8;10.8;4.166667;4.5;0.0;22.7;30.0;74.25
8;24.2;22.6;30.4;30.2;75.75;80.5;10.5;7.1;4.533333;3.6;2.8;21.4;28.2;85.5
7;24.6;20.6;29.6;27.0;81.75;96.0;11.3;0.0;3.566667;2.433333;32.5;20.4;29.0;89.25
1;23.9;22.0;29.4;30.2;73.0;84.0;8.9;8.5;4.533333;5.233333;0.0;21.0;30.2;79.5
11;23.4;21.2;30.0;29.4;74.0;72.25;10.1;10.9;6.0;3.633333;0.0;25.2;30.0;86.25
8;21.2;20.4;29.0;28.4;76.25;81.75;10.5;8.3;5.966667;5.1;0.0;21.2;29.0;73.5
1;21.4;21.1;29.0;30.6;74.75;77.75;9.7;11.0;5.066667;4.766667;0.0;25.2;30.0;70.0
6;23.2;25.0;28.4;31.2;91.5;76.25;2.1;8.8;2.466667;6.033333;0.7;20.0;28.0;91.0
10;25.4;23.7;29.8;29.8;76.25;82.5;8.4;9.8;3.2;2.866667;0.2;25.0;29.6;82.75
7;25.0;22.3;29.2;29.6;79.0;76.25;9.5;5.1;4.366667;3.566667;16.8;21.4;28.6;84.5
3;23.0;24.6;30.4;28.8;79.25;83.75;10.2;2.1;3.8;4.133333;0.1;23.8;30.4;82.25
7;22.4;21.0;29.0;29.4;71.0;90.25;8.3;10.1;5.033333;4.6;1.7;21.9;29.0;83.75
1;21.2;21.8;27.4;29.0;79.75;80.25;9.3;7.8;5.733333;5.8;0.0;24.8;30.0;79.0
9;22.9;20.8;29.0;29.6;85.25;71.0;9.1;8.4;3.666667;5.466667;0.0;23.0;29.6;71.25
9;25.6;23.0;30.6;30.2;79.25;83.0;11.3;9.3;6.166667;5.2;1.0;20.3;28.8;81.25
8;22.3;23.6;30.0;29.0;80.5;81.0;10.5;4.7;4.7;2.133333;2.8;20.8;28.2;84.5
6;24.5;20.0;29.6;28.4;82.75;81.25;11.0;3.2;5.533333;3.866667;6.4;22.5;29.2;91.0
9;23.2;23.1;30.5;29.6;69.75;88.75;9.9;5.0;3.666667;2.866667;0.0;22.2;29.6;75.75
7;23.2;25.0;29.9;30.4;77.25;70.0;10.5;11.3;4.466667;6.066667;0.6;23.0;29.4;73.75
8;25.2;18.4;31.0;28.6;72.5;80.0;10.9;7.0;4.9;4.633333;0.0;19.2;29.2;75.0
10;21.3;23.0;29.0;29.8;75.0;74.5;9.7;10.9;6.6;3.366667;0.0;23.0;30.2;78.5
7;21.2;26.2;29.8;30.4;76.25;83.25;9.8;10.7;5.266667;4.733333;2.8;18.6;28.2;88.25
3;20.0;25.5;29.2;30.2;80.25;89.25;9.3;10.5;5.066667;3.966667;0.0;25.5;30.4;85.25
3;25.2;23.8;29.4;30.8;73.5;73.0;8.2;8.1;5.033333;4.133333;1.6;25.2;30.0;81.25
2;22.1;26.1;29.4;30.2;80.75;73.75;9.9;9.3;5.133333;5.4;0.0;27.2;30.8;83.5
1;23.4;21.4;29.2;28.0;84.75;81.5;3.6;8.7;1.066667;5.866667;1.6;22.3;30.0;78.25
10;26.2;24.2;31.0;28.4;74.75;79.5;10.2;9.8;4.266667;3.166667;2.3;21.2;28.8;79.0
5;22.5;22.6;29.8;31.0;78.0;72.75;8.1;8.4;5.2;3.566667;55.8;23.0;29.8;83.25
9;26.0;17.0;31.2;28.2;75.75;78.75;8.9;5.8;4.366667;5.4;2.2;23.0;29.0;82.75
9;18.4;20.6;27.4;32.6;97.0;74.5;0.0;10.2;3.033333;5.233333;0.0;25.0;29.4;78.25
2;25.4;23.6;30.4;27.0;74.75;95.0;10.4;0.0;5.366667;0.9;0.3;25.0;30.6;76.25
10;21.4;20.4;30.6;28.2;76.0;89.0;9.9;7.7;3.666667;4.166667;0.0;22.9;29.6;82.75
12;22.8;25.0;30.8;30.4;79.25;81.25;6.8;11.0;2.5;3.566667;0.0;25.0;30.4;74.25
12;22.3;24.4;29.4;30.0;82.25;77.75;9.2;8.0;3.633333;4.3;0.0;23.4;30.4;81.75
6;24.0;24.0;31.4;30.4;76.5;82.0;8.1;6.9;5.266667;4.533333;17.5;22.8;28.5;88.5
8;19.6;22.9;29.2;30.2;81.0;74.0;9.7;11.1;5.533333;5.533333;2.4;22.7;28.0;74.25
2;23.6;23.2;31.6;29.6;78.25;72.25;11.0;8.9;4.6;5.266667;44.0;20.0;31.0;74.5
9;22.3;21.4;28.8;27.6;82.5;80.5;7.4;6.8;4.733333;4.566667;0.6;22.3;29.0;86.0
10;25.2;22.2;31.4;30.6;76.25;75.5;10.8;10.0;5.533333;4.9;0.0;24.2;29.8;73.75
11;25.0;24.1;30.2;30.1;74.25;79.25;9.1;9.4;5.0;5.8;0.0;24.8;29.3;75.5
7;22.9;24.9;30.0;30.2;80.0;70.5;9.5;10.7;6.0;3.466667;0.0;20.3;27.0;90.0
3;24.2;23.6;30.4;29.7;79.75;72.5;7.8;6.0;3.566667;6.066667;0.0;26.1;30.8;71.75
2;23.2;22.4;30.2;29.6;78.0;84.0;10.7;8.8;6.1;4.8;0.0;25.0;30.2;78.25
7;25.4;24.5;31.2;30.0;89.25;77.5;8.1;10.7;3.366667;5.3;0.1;20.4;29.8;84.75
7;18.4;20.6;29.6;30.0;83.5;78.25;9.3;10.6;4.7;4.533333;10.8;21.6;27.8;83.25
2;22.3;21.2;29.2;26.2;90.0;95.25;4.5;1.2;1.9;2.033333;4.6;26.2;31.2;78.75
6;25.3;26.6;29.6;31.2;76.75;74.25;8.5;11.2;4.266667;4.833333;5.7;22.3;28.6;77.75
7;27.2;22.4;32.6;26.4;74.25;89.75;10.2;3.3;4.266667;4.233333;0.0;22.5;28.6;78.25
3;18.2;18.4;28.0;28.4;92.0;76.75;1.0;10.6;2.966667;5.3;0.0;24.7;30.4;77.25
2;21.2;20.8;28.8;27.0;87.0;88.5;8.4;3.7;3.2;4.133333;1.3;25.0;27.4;89.75
4;20.0;22.3;29.8;28.2;86.0;81.0;11.4;4.1;4.266667;3.3;0.0;24.4;29.6;79.25
2;23.4;23.0;30.3;29.8;75.25;79.5;8.9;10.6;4.166667;2.3;0.0;24.4;31.0;76.0
10;25.8;18.6;30.4;29.2;75.0;78.0;10.6;7.7;4.3;3.7;0.0;24.0;30.2;74.75
8;24.6;20.4;30.2;29.2;79.25;89.25;10.3;8.2;1.6;3.733333;0.0;21.8;29.2;73.75
2;24.2;25.0;31.4;30.2;80.5;77.75;10.3;10.1;5.1;3.866667;0.0;26.4;31.6;67.0
9;23.1;23.0;31.0;28.0;79.5;82.5;9.9;5.7;4.966667;4.766667;0.0;21.8;28.4;83.25
10;22.2;21.6;29.4;29.0;79.0;81.5;9.9;10.3;5.333333;4.966667;1.0;20.0;29.4;87.0
4;19.6;22.2;29.8;30.4;82.5;80.25;9.6;10.2;4.033333;3.966667;30.4;22.4;30.8;81.75
8;25.4;23.6;30.8;30.2;74.25;82.75;9.2;9.1;3.2;1.7;0.5;21.3;28.0;82.5
10;25.4;24.2;31.0;30.0;78.75;83.5;11.2;8.8;5.1;1.6;0.0;21.0;29.4;84.0
2;24.4;27.8;31.0;31.4;72.75;80.25;9.7;2.7;6.8;3.866667;2.4;23.2;29.3;76.75
11;21.4;19.1;29.8;29.8;85.5;72.5;10.0;9.3;5.5;4.5;0.0;25.0;30.4;80.75
12;24.2;21.4;30.4;25.0;79.0;94.75;10.5;0.0;3.566667;1.933333;0.0;26.4;30.6;72.75
5;23.0;20.3;30.0;29.6;87.25;80.75;5.6;10.7;3.133333;4.366667;5.5;23.5;29.8;90.5
4;23.5;19.4;29.0;28.2;84.0;81.25;7.0;9.9;4.5;3.7;20.2;24.6;29.4;87.25
10;24.2;20.2;29.0;30.0;79.0;76.25;0.6;9.9;2.366667;4.766667;0.0;24.4;30.0;81.0
8;25.6;22.1;30.8;28.6;74.25;79.0;10.9;5.9;5.666667;6.666667;4.2;21.3;28.4;88.5
5;20.0;24.8;30.0;30.0;79.75;83.25;9.9;9.6;4.433333;4.7;53.6;21.8;28.6;91.5
10;22.8;25.5;30.2;30.6;81.0;70.5;10.9;10.6;3.466667;4.7;1.3;23.0;30.2;80.25
5;23.4;25.2;30.2;29.8;85.25;70.0;6.4;10.6;3.9;5.533333;10.3;23.2;30.2;76.25
6;20.0;23.0;28.0;28.2;85.5;81.25;2.1;7.8;4.466667;4.2;23.3;20.9;28.8;85.75
1;21.0;24.2;28.2;30.0;82.75;70.5;8.9;11.2;4.733333;4.633333;0.0;25.2;30.6;77.25
8;20.0;24.4;30.0;32.2;81.25;75.25;6.3;10.0;5.7;3.866667;0.0;21.8;28.4;78.0
9;21.5;26.4;28.0;31.0;84.5;74.0;7.1;10.5;4.233333;4.433333;0.0;22.7;29.2;77.0
11;24.4;24.4;29.0;29.0;80.25;76.5;10.0;2.0;1.6;4.366667;0.0;24.8;30.4;81.25
9;24.6;22.7;30.8;30.0;77.5;79.0;8.7;10.5;3.9;5.0;1.9;18.4;28.6;87.25
6;20.0;19.0;29.2;29.0;87.25;78.25;9.6;8.6;2.633333;5.866667;1.4;19.2;27.8;93.25
3;24.2;21.0;31.0;28.4;76.25;88.75;10.8;5.1;3.733333;3.266667;0.0;23.1;31.0;78.75
8;25.2;21.2;30.6;30.1;79.75;78.5;5.9;10.2;4.933333;4.8;0.0;21.8;28.8;77.25
2;23.8;19.0;31.2;29.0;79.5;92.75;7.1;5.6;3.533333;4.766667;0.0;26.1;29.4;73.0
12;23.6;21.4;30.8;29.8;78.25;79.25;9.7;7.8;5.733333;4.3;0.6;25.4;31.8;79.75
9;23.6;24.2;32.2;31.0;77.5;89.75;10.1;1.5;4.833333;3.533333;0.0;21.0;28.2;80.25
11;21.8;22.1;27.0;29.2;82.0;75.25;0.1;10.0;4.133333;5.2;0.0;25.0;29.8;73.5
1;21.6;22.7;27.2;30.0;84.25;76.5;5.2;10.4;6.3;5.733333;0.0;22.6;30.6;69.0
7;25.2;22.7;30.0;30.4;74.25;79.5;10.8;10.4;5.033333;3.866667;5.2;21.0;28.4;83.5
12;25.2;22.4;30.4;30.5;73.25;83.75;11.5;7.6;4.8;3.133333;0.0;25.8;30.4;76.75
11;26.6;21.0;30.8;31.0;76.25;85.25;10.2;4.0;1.6;4.433333;0.0;22.6;30.4;75.5
5;21.5;22.0;28.4;30.6;86.75;75.5;5.9;10.5;2.733333;5.4;0.0;22.4;29.8;78.25
10;24.0;25.8;28.6;30.4;88.25;76.0;1.4;11.0;4.4;1.6;0.0;22.0;29.8;71.25
8;24.0;24.4;30.8;30.2;82.25;72.0;5.1;10.2;4.9;3.2;0.0;18.0;28.4;95.0
2;22.2;22.0;25.8;31.6;91.75;76.75;0.0;9.5;2.133333;4.9;60.6;22.6;30.6;77.25
8;23.8;23.1;29.6;30.2;82.25;92.25;8.4;6.3;6.4;2.966667;5.6;21.0;28.4;84.75
4;24.0;22.7;29.0;29.6;95.75;81.25;4.3;10.0;2.733333;4.7;19.9;25.4;30.6;81.0
7;25.0;26.6;31.8;31.0;82.25;75.0;6.5;9.2;2.366667;3.933333;0.6;20.0;27.8;83.5
10;23.6;24.6;28.0;30.0;87.5;85.75;0.0;9.8;3.0;4.433333;0.1;22.1;28.8;80.75
2;24.4;20.8;29.6;28.8;82.0;83.25;7.2;9.8;1.6;6.9;0.0;25.9;30.2;77.5
2;19.6;24.2;29.8;30.4;82.25;76.5;9.5;8.3;4.4;3.6;0.0;25.2;29.0;87.0
6;21.9;23.1;29.2;29.6;85.25;83.25;7.9;9.0;3.0;3.133333;6.8;22.3;28.0;87.5
8;22.8;25.2;30.0;30.0;79.5;77.25;2.1;11.2;3.9;3.8;0.0;21.8;28.8;77.5
4;21.3;23.0;28.8;28.8;80.75;74.75;8.2;10.0;2.8;3.966667;0.5;24.6;32.0;75.75
6;21.3;22.6;26.8;29.6;83.0;73.0;2.4;11.0;4.466667;5.633333;0.0;20.9;29.0;89.75
4;22.2;19.2;28.2;29.4;82.5;84.5;6.7;7.5;4.233333;5.1;0.0;19.8;30.2;90.0
11;26.9;17.0;27.8;29.2;86.5;75.75;0.4;10.4;1.5;6.2;0.0;24.8;30.2;74.0
12;21.2;21.8;29.0;29.4;77.5;73.5;10.5;10.0;4.333333;5.1;0.0;25.2;30.6;78.5
3;24.0;23.8;29.0;29.6;81.25;79.25;7.0;8.0;6.066667;4.133333;2.4;22.0;29.6;84.5
2;23.1;26.3;29.8;30.8;87.25;74.0;10.0;7.8;3.633333;6.1;0.0;25.4;31.6;81.0
2;22.2;25.0;29.8;30.4;77.75;73.5;10.4;11.0;5.266667;3.733333;1.3;25.0;30.6;78.25
4;19.0;19.0;30.6;25.8;79.25;90.25;7.4;0.4;5.533333;3.866667;17.0;23.3;25.4;94.75
5;20.2;20.1;31.2;29.6;78.0;86.25;10.1;8.0;6.1;4.766667;4.3;23.6;30.6;79.0
6;25.6;23.5;29.6;28.2;80.0;81.25;7.7;7.0;3.966667;5.8;0.6;23.2;29.0;88.25
6;21.0;24.2;28.4;30.2;89.0;75.25;6.3;11.4;4.4;4.7;7.4;23.0;29.6;80.25
5;24.8;25.6;29.2;30.6;82.25;75.75;7.3;10.8;5.633333;4.433333;7.7;22.3;28.0;89.0
4;23.4;25.4;31.4;30.0;84.5;78.75;10.5;10.6;4.966667;4.466667;30.8;23.0;29.4;79.25
1;25.2;24.4;31.2;30.2;78.0;67.25;10.0;10.4;5.566667;4.533333;11.4;23.4;28.6;90.0
12;23.1;25.0;29.0;30.6;82.25;76.5;9.9;11.0;3.9;6.033333;0.0;22.4;30.6;77.0
1;21.8;23.1;29.4;30.4;85.25;90.75;8.5;8.2;2.866667;5.733333;5.6;24.4;30.0;78.5
2;25.6;25.8;29.8;30.6;72.75;69.5;5.5;11.3;3.666667;4.9;1.1;23.8;31.4;82.75
2;21.9;22.4;30.2;27.2;91.75;94.5;4.4;0.7;2.633333;3.066667;16.0;22.7;31.6;81.5
2;24.6;24.0;30.2;31.4;75.75;75.75;8.2;10.0;5.133333;3.333333;0.0;26.0;30.4;76.25
3;22.0;23.0;28.2;30.2;86.0;69.75;2.6;11.1;4.4;4.733333;23.5;23.2;29.0;83.25
7;22.3;24.8;28.0;29.2;89.0;82.25;8.6;7.3;3.866667;5.633333;13.6;21.5;28.0;86.5
3;21.9;22.8;28.2;29.4;87.75;88.0;4.1;4.1;4.3;3.733333;0.0;24.0;31.8;69.75
11;23.6;23.1;27.8;30.2;95.0;81.0;0.0;10.6;1.4;2.866667;0.0;25.4;30.4;73.5
10;20.8;23.2;28.8;30.0;83.25;82.0;9.8;11.3;6.9;3.3;2.0;24.4;29.6;82.0
11;23.6;23.4;30.0;31.4;82.75;76.75;9.5;10.8;3.5;3.3;0.0;25.8;30.6;76.25
11;25.3;23.2;30.2;29.6;69.25;90.25;5.4;6.5;6.6;2.766667;2.8;24.0;29.4;79.5
11;25.8;23.4;30.6;31.0;75.75;81.25;10.4;10.2;5.066667;4.833333;0.0;25.8;30.0;77.75
10;26.4;23.6;32.0;30.8;74.0;76.0;9.2;8.4;2.6;4.533333;0.0;21.0;29.4;88.5
7;24.0;24.2;30.2;31.6;80.0;81.75;6.8;8.8;1.233333;5.933333;42.8;20.8;29.0;94.75
2;21.1;21.6;27.6;30.0;86.0;83.25;7.0;11.0;3.466667;4.7;0.0;25.5;30.0;75.25
7;22.1;24.5;29.7;30.0;80.0;71.25;7.4;11.3;3.8;4.066667;0.0;21.0;28.2;73.25
9;20.8;19.0;28.2;28.8;82.25;88.5;5.8;5.0;2.9;4.3;0.0;20.6;29.0;62.25
7;24.1;25.2;29.4;30.2;72.0;76.25;5.0;9.5;4.4;5.266667;0.0;20.5;27.6;87.5
7;22.2;23.5;26.6;28.4;95.0;86.0;0.5;2.6;3.5;4.066667;4.4;21.1;28.4;87.0
10;20.3;17.8;28.6;27.0;75.5;96.25;9.6;2.8;5.266667;3.833333;0.0;18.8;29.2;73.75
12;20.1;24.0;29.2;29.8;83.5;79.25;9.2;8.8;5.233333;1.6;0.0;26.0;31.0;78.25
5;22.8;23.6;30.0;30.0;75.5;83.25;6.7;6.4;5.466667;3.133333;0.0;24.0;29.8;84.75
4;20.4;21.5;29.4;28.8;81.0;78.5;9.5;10.0;5.1;3.866667;0.0;24.6;30.4;77.75
4;22.0;20.4;30.0;28.8;86.25;93.0;9.0;1.5;3.833333;3.3;0.5;24.4;31.2;79.0
3;21.4;24.0;27.8;30.0;79.0;90.25;7.9;5.7;3.966667;1.6;3.5;24.6;29.2;87.0
2;19.4;25.4;29.0;30.8;86.75;74.5;10.4;10.8;3.3;6.366667;7.0;23.1;29.2;87.5
1;22.4;25.2;29.4;30.2;76.25;74.25;8.8;1.0;6.633333;4.033333;0.4;25.3;30.6;76.25
5;24.2;22.7;31.4;29.0;80.25;82.75;9.9;2.9;2.866667;2.633333;0.0;22.0;31.0;74.0
7;24.4;23.3;31.2;29.2;80.5;78.25;10.1;8.5;1.6;3.033333;0.0;21.1;27.8;85.0
1;22.0;21.9;29.4;26.0;82.25;84.75;10.3;1.0;4.2;4.433333;0.0;24.7;30.8;76.0
9;22.6;23.6;31.0;30.2;90.5;80.0;10.0;10.1;3.966667;3.4;0.0;24.4;28.8;70.5
11;22.6;25.4;28.6;30.8;88.5;72.25;1.9;10.5;4.033333;4.466667;0.0;24.2;29.2;76.5
10;23.6;22.3;29.8;29.4;79.75;77.25;9.6;10.2;3.4;5.066667;2.9;23.0;29.6;79.0
6;21.9;23.0;29.6;28.2;76.25;88.5;10.4;7.4;6.233333;3.8;25.4;21.9;28.0;89.5
7;18.6;22.0;29.6;28.5;91.0;82.0;10.5;5.9;3.066667;5.533333;1.2;16.6;28.6;79.0
9;25.8;22.0;31.0;30.4;83.25;73.25;10.1;9.8;5.266667;5.2;0.0;23.3;29.4;72.75
7;22.2;24.2;27.6;28.8;74.0;86.25;9.6;1.6;4.3;2.3;0.0;23.1;29.0;85.75
9;22.0;26.0;30.6;30.6;87.5;78.0;10.4;10.4;4.4;4.266667;3.8;18.4;28.6;79.0
9;19.1;24.6;25.2;30.4;91.75;77.5;0.0;10.4;3.866667;3.866667;0.0;25.4;30.0;75.0
5;20.8;25.0;28.4;30.2;89.25;82.5;10.1;10.8;3.733333;5.033333;3.4;22.5;28.8;86.25
7;20.2;21.8;27.6;29.2;88.5;74.25;7.7;10.6;3.066667;4.9;0.0;20.0;29.0;77.5
6;23.2;25.6;28.8;30.6;87.25;76.5;1.1;9.2;2.033333;3.366667;0.0;24.4;30.4;78.0
11;24.2;22.6;30.4;31.0;85.75;76.75;3.7;9.3;3.866667;4.0;0.0;26.2;31.0;76.5
12;21.5;24.6;26.4;30.6;91.5;81.0;3.5;6.9;4.233333;5.3;0.0;25.6;30.6;76.75
7;20.0;25.6;28.8;30.6;82.75;75.25;10.4;9.8;2.433333;5.7;0.0;21.2;28.2;81.75
4;23.2;26.0;29.0;31.4;84.25;77.0;9.3;9.9;3.466667;3.266667;10.1;24.0;30.0;80.25
5;25.0;23.0;30.2;29.4;76.25;79.25;10.7;5.8;3.933333;1.166667;7.0;22.4;30.2;87.25
3;22.3;20.6;28.4;29.0;79.0;90.0;8.9;8.8;6.466667;5.566667;0.0;22.0;31.4;79.25
7;24.0;21.8;30.6;28.8;84.0;80.5;3.5;7.8;2.166667;4.533333;6.0;22.2;27.0;89.75
5;23.5;25.1;29.8;29.4;84.5;78.5;6.7;10.7;2.733333;5.4;0.0;26.1;30.4;82.5
12;22.6;26.2;29.2;31.0;75.5;84.5;9.1;7.2;6.1;3.966667;0.0;24.8;29.8;79.75
6;21.5;21.5;28.0;28.4;66.75;80.75;9.2;9.5;6.066667;5.666667;0.0;22.1;29.8;76.5
8;21.4;21.4;30.0;29.8;80.25;86.75;10.4;8.9;4.966667;4.766667;0.0;21.4;28.0;84.5
5;20.6;25.4;29.0;31.0;86.0;80.0;10.7;10.8;4.9;5.066667;29.7;24.1;30.1;79.25
11;17.6;19.0;27.4;26.8;84.75;83.5;1.3;2.8;2.866667;3.6;0.4;24.0;30.2;75.25
4;19.2;24.6;27.0;30.2;93.25;80.25;3.0;6.4;3.466667;4.7;17.4;22.5;30.4;91.75
11;24.2;26.5;30.4;30.4;76.75;77.5;11.2;4.8;5.666667;3.966667;0.0;25.0;30.6;71.75
3;22.4;22.2;29.2;28.2;83.5;84.75;7.7;4.5;4.6;4.433333;0.7;25.2;30.6;80.75
6;21.2;26.0;27.2;30.6;81.0;80.25;8.4;9.6;4.7;4.1;0.9;22.6;28.8;75.5
12;23.0;23.4;29.4;31.4;79.25;84.5;5.8;10.5;1.166667;4.966667;0.0;25.0;30.2;76.25
5;25.1;24.3;31.2;28.2;72.5;86.0;10.2;2.3;5.533333;4.966667;5.1;23.1;30.4;84.5
7;26.2;21.6;31.0;28.4;75.75;90.5;10.4;1.3;6.533333;3.966667;19.4;20.8;28.8;83.5
9;21.8;20.0;28.2;30.0;77.25;78.75;8.6;8.4;6.2;3.566667;0.2;21.5;29.4;72.0
8;22.6;21.6;31.2;28.0;77.75;80.25;10.4;1.1;3.3;4.966667;17.6;21.1;28.6;80.75
7;22.1;23.2;29.0;30.2;79.0;75.75;10.3;11.2;4.966667;4.8;7.9;21.1;28.0;84.5
10;21.3;24.0;28.8;30.8;79.25;78.25;10.4;10.7;5.833333;4.566667;0.0;23.8;30.0;74.0
12;25.8;19.6;30.6;27.8;69.5;80.5;11.3;8.4;4.9;5.2;0.0;25.6;29.8;72.75
5;26.0;23.6;31.8;29.6;77.25;76.75;10.5;7.4;3.666667;4.7;2.1;24.2;29.8;87.0
2;26.2;22.2;31.2;30.2;77.0;78.5;9.2;9.0;5.333333;3.733333;0.0;26.0;31.2;74.0
3;21.1;25.0;29.4;30.6;75.25;82.5;10.5;10.4;5.066667;5.333333;0.2;27.0;31.4;78.5
10;24.0;24.1;30.4;29.0;73.75;87.25;11.4;6.0;5.1;4.3;0.0;21.3;30.2;71.5
2;22.0;20.4;28.2;28.4;86.25;77.75;6.6;9.5;4.4;4.966667;0.0;24.0;31.2;72.75
9;24.0;21.2;29.4;29.2;76.5;74.25;9.5;9.9;1.6;6.9;0.0;23.5;29.6;72.75
3;22.8;24.2;29.2;29.8;73.75;76.75;8.2;11.0;3.566667;5.2;11.5;24.1;30.4;86.75
3;22.0;22.1;30.6;28.2;79.75;82.0;9.6;2.7;4.3;5.333333;2.6;26.1;31.2;75.75
7;23.1;20.0;30.2;30.0;79.25;82.75;7.7;6.6;6.1;2.066667;2.0;19.1;29.0;85.0
6;25.0;24.0;30.8;29.0;73.0;77.75;9.9;10.4;4.7;5.7;0.0;22.5;29.2;80.25
10;22.0;25.8;28.4;30.4;79.0;72.5;9.4;11.3;5.8;4.266667;0.0;22.0;30.2;74.75
11;25.9;25.0;31.2;30.4;78.5;73.25;9.1;10.7;5.466667;3.966667;0.0;25.2;30.4;82.5
2;24.0;22.7;29.6;30.6;76.0;77.5;10.0;4.5;1.6;4.933333;0.0;27.0;31.8;76.0
10;22.6;25.2;29.6;29.0;82.25;87.0;8.7;3.4;3.766667;3.866667;0.0;24.0;30.0;77.25
2;22.8;22.8;29.4;29.6;76.5;87.75;10.5;9.0;5.633333;3.1;11.6;24.8;29.8;85.0
8;24.7;23.2;29.6;29.8;76.25;80.0;9.9;6.4;6.066667;4.3;5.3;21.9;28.2;79.0
6;25.4;25.8;30.8;30.2;80.0;78.5;8.6;11.0;3.4;4.5;4.8;20.8;29.2;83.25
6;27.9;22.5;32.2;28.4;76.25;80.0;10.1;0.5;3.933333;3.166667;27.8;20.0;25.0;93.75
7;21.4;24.2;29.2;31.4;79.5;80.5;10.6;8.8;3.3;5.366667;0.0;20.3;27.6;79.25
9;22.9;22.3;30.4;30.0;82.0;75.0;10.5;10.4;3.566667;3.866667;3.0;18.2;28.6;89.0
6;25.6;20.2;32.4;29.2;75.25;77.25;8.7;10.0;4.733333;5.433333;8.5;22.3;27.0;92.75
3;23.0;23.6;29.2;30.6;78.75;77.75;10.4;10.6;7.1;1.6;0.0;27.5;32.8;76.5
3;22.2;24.3;30.2;30.4;78.5;80.25;9.0;10.6;3.366667;3.766667;0.0;23.7;30.6;75.25
3;21.5;22.9;27.6;29.6;77.25;75.5;4.8;10.1;5.733333;4.566667;0.0;21.0;31.2;78.25
8;17.4;23.1;29.2;30.6;96.25;78.0;5.2;9.0;2.433333;5.066667;0.3;23.4;28.2;70.25
8;23.0;22.1;30.4;28.0;80.25;81.5;10.3;4.4;4.333333;2.6;0.0;21.6;28.4;79.75
3;24.6;19.0;29.6;30.6;73.75;80.0;10.1;8.6;4.7;2.3;0.0;26.2;31.1;73.0
1;24.0;23.8;30.4;30.0;76.5;85.0;10.9;7.1;1.6;5.533333;0.0;26.2;30.6;75.75
6;25.0;24.0;30.2;29.0;78.75;80.25;10.6;8.8;4.7;1.6;153.1;17.0;26.8;83.5
9;22.1;20.0;29.2;28.4;76.5;91.5;10.3;2.3;6.2;2.333333;0.0;22.6;29.8;78.0
4;22.9;26.0;30.0;31.2;69.0;79.75;8.4;9.8;5.533333;5.566667;6.6;22.6;30.2;80.5
7;25.2;22.2;31.8;29.4;76.25;78.0;10.7;10.3;3.3;4.366667;0.0;22.2;28.8;79.5
6;21.2;25.8;29.0;30.0;80.75;73.75;6.5;11.2;5.266667;6.666667;0.0;22.0;29.4;82.25
6;23.6;23.6;29.8;30.2;81.5;79.75;8.5;2.7;4.133333;2.8;38.6;22.4;28.8;82.25
3;24.1;21.8;30.2;28.4;78.75;80.75;7.5;10.4;4.833333;4.966667;28.6;22.5;27.2;91.25
6;21.2;22.2;29.8;30.6;84.5;74.5;10.8;10.2;3.566667;4.033333;1.9;22.5;27.8;86.75
5;26.2;25.0;31.0;30.0;78.75;78.25;10.1;10.1;2.9;3.666667;0.6;23.2;30.2;84.5
4;25.0;24.0;30.4;29.8;78.0;79.0;10.9;10.6;5.066667;5.233333;2.0;23.6;30.6;78.75
11;24.8;24.4;30.8;30.2;81.5;75.25;5.1;10.3;3.566667;3.8;0.2;25.5;29.4;76.0
2;21.0;19.4;31.0;29.6;79.0;76.75;10.5;10.6;4.133333;5.033333;0.2;22.9;27.8;90.75
11;22.0;24.0;30.0;30.8;78.5;77.25;8.5;8.0;5.666667;5.033333;0.0;24.9;28.6;76.25
4;20.0;23.4;29.8;30.0;89.75;77.0;8.4;9.2;3.9;5.7;13.1;25.0;31.4;77.75
10;25.6;19.2;30.2;28.6;72.75;82.0;10.7;10.6;4.666667;5.533333;0.0;23.5;30.4;71.0
8;22.2;22.3;26.0;28.8;92.25;91.5;0.0;8.1;1.866667;4.366667;0.0;21.9;29.6;84.5
4;26.0;21.0;30.8;30.8;80.0;79.0;10.3;8.2;4.133333;5.466667;4.9;24.2;30.4;83.5
7;23.4;23.2;29.0;30.4;77.75;80.0;7.8;10.3;6.633333;4.033333;11.2;21.8;28.0;87.75
6;22.3;21.1;29.0;28.6;84.25;81.25;4.0;10.7;4.466667;2.666667;0.0;21.0;28.6;80.25
3;21.3;23.5;28.4;29.2;76.0;92.5;8.4;0.5;4.966667;4.533333;5.3;23.3;31.4;87.25
12;24.5;24.4;29.8;30.6;83.75;79.5;7.8;11.0;4.8;4.8;0.0;25.2;29.8;80.5
3;25.0;24.0;29.8;30.0;91.25;79.5;4.0;10.0;2.966667;4.2;13.1;23.4;30.0;78.75
7;25.2;21.7;29.4;28.5;76.5;81.5;10.2;9.0;3.3;5.766667;39.2;18.4;28.8;96.25
12;22.4;25.2;29.0;30.4;77.75;80.25;10.4;10.7;4.533333;3.0;0.0;21.6;30.2;77.0
9;19.0;23.1;29.8;30.0;84.25;75.5;10.5;11.3;6.233333;5.8;0.0;23.6;29.2;82.25
3;25.9;19.4;30.0;29.2;79.0;85.5;3.2;10.5;3.8;5.266667;26.9;23.5;31.2;94.5
8;22.7;25.2;30.4;30.8;83.5;76.0;6.9;11.0;3.566667;4.133333;0.0;24.2;28.8;80.5
1;21.2;23.6;27.4;29.0;79.0;85.75;2.9;3.6;4.866667;4.233333;0.0;25.6;31.6;83.25
4;22.4;21.2;29.6;28.2;79.5;83.0;11.0;8.3;5.633333;5.066667;6.2;22.0;31.0;86.5
9;22.0;23.6;27.6;29.6;86.75;72.0;0.2;11.2;4.5;3.533333;5.0;23.0;29.0;79.5
12;23.6;25.6;30.6;30.6;74.5;74.75;10.7;10.8;1.6;5.233333;0.0;21.9;30.4;74.75
4;20.1;18.0;28.2;29.0;88.0;95.0;8.2;6.3;1.6;4.433333;19.3;23.3;29.0;92.0
12;21.9;21.2;29.2;29.0;84.75;87.25;8.0;9.7;4.7;3.9;0.0;23.4;30.4;79.75
7;22.7;20.0;30.0;28.8;77.25;79.5;10.1;9.8;5.533333;5.566667;15.7;18.1;28.2;86.0
1;23.4;22.3;28.8;29.8;82.75;83.0;9.0;7.3;1.6;5.0;5.8;24.0;28.6;83.25
11;22.5;22.1;29.1;30.0;77.5;77.25;8.7;8.9;3.4;4.566667;0.0;21.4;30.2;84.5
4;22.1;25.0;29.2;29.6;77.75;73.75;9.8;9.8;3.9;5.0;50.5;23.6;30.2;91.5
5;25.4;20.4;29.8;28.0;77.75;82.5;8.2;7.8;1.6;5.833333;19.2;21.4;29.2;91.25
10;18.2;24.0;28.4;30.8;80.25;75.0;9.4;10.5;3.5;5.033333;1.7;20.2;30.0;75.5
11;20.9;26.1;29.0;30.2;90.5;80.0;5.3;7.4;4.0;4.9;8.6;24.1;29.4;80.25
1;26.0;21.5;30.4;29.4;72.0;72.0;8.6;8.2;3.866667;5.466667;2.4;24.2;30.2;78.75
4;24.4;21.8;30.6;30.4;74.0;80.0;10.8;9.9;4.366667;5.266667;17.2;24.0;27.8;88.75
10;20.0;22.1;28.4;28.2;83.0;92.5;8.9;0.9;4.933333;2.566667;0.0;24.2;31.4;77.5
10;24.2;25.7;30.8;30.6;75.5;71.0;10.7;7.0;4.633333;4.4;0.0;21.6;30.0;83.25
10;26.2;22.4;30.2;30.0;72.75;67.75;2.8;9.6;3.2;4.8;0.0;25.2;29.8;76.25
9;20.0;25.8;25.8;31.4;93.0;80.5;0.6;9.8;4.366667;3.866667;4.2;24.0;28.8;80.25
7;25.0;20.8;31.0;29.2;74.5;87.5;9.7;8.5;3.166667;5.7;23.4;22.2;29.2;88.0
9;23.8;24.4;29.8;29.0;79.5;83.25;8.3;1.3;3.233333;3.2;0.0;25.0;29.2;79.5
4;19.4;23.8;29.8;29.6;82.0;81.75;9.4;8.5;4.966667;4.633333;0.0;25.2;32.4;77.75
2;22.2;22.4;29.6;30.2;81.75;87.25;7.4;6.7;4.2;4.766667;0.0;26.4;30.8;78.0
3;24.0;25.2;29.4;30.4;81.0;80.0;9.3;9.8;5.566667;4.966667;0.0;27.2;32.2;82.75
9;23.0;22.0;30.8;30.8;72.0;77.25;10.6;9.9;3.866667;5.166667;0.2;22.1;29.4;79.0
8;22.4;23.0;30.8;29.6;78.25;83.25;7.4;9.2;4.533333;3.133333;1.8;22.3;29.0;77.75
7;22.6;26.6;29.0;31.6;77.25;77.75;9.0;11.0;5.466667;5.533333;10.6;20.2;27.2;92.25
10;22.9;25.4;29.6;30.0;76.25;76.0;10.3;10.4;2.6;3.133333;0.0;24.7;29.2;74.0
12;25.4;21.8;31.0;28.4;80.25;74.75;8.3;10.1;4.5;5.233333;0.0;24.2;30.4;77.5
3;23.0;23.2;31.0;30.4;83.5;68.5;9.4;11.1;5.566667;5.333333;0.0;25.2;30.6;76.0
2;22.3;25.0;29.0;30.0;86.0;79.75;4.8;9.9;0.933333;2.2;0.0;25.1;31.4;72.25
12;26.5;22.0;30.8;29.2;76.25;76.25;9.6;10.8;6.133333;5.466667;0.0;22.0;30.0;77.0
6;17.6;23.8;28.8;29.6;88.5;65.75;10.6;11.0;5.466667;3.3;0.0;22.1;28.8;92.25
1;22.4;24.6;30.2;30.4;79.0;83.5;10.1;6.5;4.2;3.3;0.0;25.8;30.2;70.5
4;21.6;19.4;29.9;30.2;67.75;78.25;9.6;10.6;3.9;4.433333;0.7;23.6;30.4;80.25
2;25.4;23.4;29.6;30.2;75.0;76.0;11.2;8.5;3.9;4.933333;0.0;26.6;30.8;72.0
8;20.5;24.4;29.0;30.0;76.25;84.25;9.2;8.9;5.766667;2.833333;0.0;16.6;27.8;78.75
11;24.0;25.6;30.2;32.2;80.25;72.5;10.8;4.9;1.433333;3.466667;0.0;22.7;30.0;80.0
3;23.6;25.4;32.4;31.0;79.0;78.5;7.6;10.8;3.833333;4.9;40.0;23.1;30.2;79.75
1;24.6;25.2;30.6;31.0;84.75;74.25;6.6;9.9;5.166667;3.633333;0.0;25.8;29.8;75.5
8;24.8;25.4;30.6;31.2;74.25;76.75;10.5;10.3;5.5;3.366667;9.4;21.6;28.7;76.5
8;21.1;25.8;30.4;30.6;78.5;77.75;10.3;6.9;4.733333;4.7;6.4;21.6;26.8;81.5
9;24.9;22.0;28.6;30.0;76.25;78.5;4.0;8.5;5.066667;5.666667;0.0;23.8;28.2;77.75
9;22.4;26.2;28.2;30.8;82.25;74.5;5.8;11.5;4.033333;4.3;0.0;25.1;29.8;72.75
11;23.5;23.4;30.2;30.2;76.5;78.25;9.8;8.6;3.566667;3.866667;0.4;25.0;29.4;71.0
8;26.1;25.0;30.2;30.6;73.75;77.0;9.3;10.5;5.4;5.966667;0.0;22.1;29.4;80.75
8;23.3;23.1;30.2;30.0;80.5;80.0;9.1;11.0;4.233333;4.133333;0.0;21.2;29.0;79.5
10;22.9;21.4;29.0;28.8;85.25;82.25;8.3;9.5;1.6;4.433333;0.0;25.1;29.2;71.75
1;21.6;22.5;30.4;29.4;78.5;76.0;9.8;10.5;5.4;3.7;4.3;23.0;27.0;90.5
10;21.7;23.0;28.6;30.2;83.25;73.25;3.2;11.5;3.3;4.166667;0.0;24.0;29.4;79.75
4;24.2;19.0;31.0;28.4;74.25;84.5;10.4;6.1;3.0;5.633333;1.4;24.0;30.6;80.25
8;22.4;24.4;30.6;32.4;73.5;78.75;10.7;8.1;4.033333;4.133333;4.2;20.0;28.6;78.75
12;24.9;25.8;29.2;30.6;74.5;77.25;8.6;10.7;6.5;5.3;10.3;24.2;30.8;81.25
6;23.7;19.2;29.8;28.6;89.5;77.75;5.4;10.4;2.866667;4.333333;66.8;23.1;27.6;86.0
8;24.4;19.4;30.4;29.6;79.5;83.5;10.8;6.8;3.233333;2.933333;0.0;24.4;28.4;74.5
8;25.6;26.4;30.2;31.0;80.25;80.25;10.8;10.6;4.133333;4.9;2.4;22.2;28.8;75.75
1;24.4;25.2;30.2;29.8;89.25;68.75;6.2;11.0;3.4;4.766667;1.4;24.4;29.0;83.25
8;25.0;24.4;30.0;28.8;76.75;70.5;9.7;6.3;5.766667;5.0;0.0;20.1;28.6;76.5
1;26.4;26.7;31.0;30.4;74.5;80.25;10.9;9.7;4.066667;3.966667;18.4;22.6;28.8;82.75
10;21.8;25.1;29.2;28.4;74.0;85.5;7.7;5.4;4.133333;3.133333;0.0;22.0;29.2;78.25
12;22.3;19.2;29.2;28.2;84.5;90.25;9.5;0.4;3.533333;4.0;6.8;24.5;29.4;76.5
4;24.5;23.2;29.8;28.2;75.0;86.5;9.5;4.0;3.866667;3.7;3.1;25.0;30.6;82.5
7;24.0;23.6;30.6;30.6;78.25;75.25;10.1;10.2;5.7;4.033333;0.0;22.6;27.4;82.5
4;24.6;20.0;30.0;28.2;84.25;78.0;9.7;6.9;3.266667;6.633333;0.0;25.2;31.2;75.5
10;21.7;21.8;29.0;28.8;82.0;80.75;6.6;9.9;4.433333;5.4;6.4;21.0;29.4;84.0
4;23.8;23.4;31.4;29.4;77.5;81.5;11.3;4.4;1.466667;4.433333;76.8;22.2;26.8;94.25
2;21.2;22.0;29.0;28.2;78.75;83.5;10.5;10.5;5.433333;4.6;0.0;24.4;30.8;81.75
6;22.3;24.0;29.4;30.4;86.5;72.0;2.0;10.6;2.466667;4.133333;1.4;22.1;29.0;89.25
5;27.0;23.4;30.6;29.8;72.25;78.25;9.7;9.8;4.0;5.433333;0.0;23.8;29.8;80.5
6;21.6;26.0;30.2;30.8;79.25;73.75;9.5;9.9;3.5;4.333333;0.0;20.7;28.2;83.75
4;25.4;23.4;30.8;30.2;77.25;80.0;6.2;4.3;5.333333;1.75;1.0;22.8;31.8;79.0
2;25.0;24.8;30.6;30.2;80.25;76.0;0.0;10.8;2.566667;4.133333;34.0;23.2;29.4;90.0
4;16.4;24.0;29.0;30.8;78.75;69.25;10.4;10.0;3.866667;4.6;0.0;20.0;30.6;80.0
2;23.4;22.6;29.6;30.4;78.0;75.5;9.0;10.4;4.8;3.9;0.0;25.4;31.2;80.75
1;23.1;22.6;31.0;29.6;82.0;79.75;10.5;8.6;4.266667;3.666667;0.0;26.0;30.2;77.75
9;19.4;20.1;28.4;30.2;92.25;77.0;1.5;10.5;2.7;3.866667;0.0;18.6;28.8;75.75
1;18.2;25.2;28.2;30.8;93.75;81.5;5.7;9.8;3.6;4.133333;0.0;24.8;30.6;75.25
1;24.2;24.3;29.6;31.0;89.75;75.25;2.8;10.4;2.466667;3.966667;0.0;25.4;31.4;77.75
6;24.1;23.1;28.8;28.0;84.75;91.25;7.8;6.5;3.933333;1.766667;0.0;20.2;29.0;82.75
5;19.9;26.0;28.4;30.8;81.0;70.5;10.6;10.1;4.666667;3.9;0.7;24.1;30.0;85.0
11;19.0;26.0;28.6;30.8;81.25;73.75;8.9;10.7;5.533333;2.733333;1.1;25.2;30.6;84.5
11;26.0;24.1;30.6;29.6;77.5;78.75;11.3;9.8;1.6;4.9;0.0;25.6;30.3;77.0
6;23.1;26.0;30.6;29.8;78.0;76.0;9.0;10.5;5.066667;4.866667;184.8;17.4;29.2;96.25
2;22.4;24.2;29.6;30.2;83.5;81.75;8.4;10.3;4.7;4.366667;0.0;22.3;30.6;69.5
9;22.2;25.0;28.6;30.0;77.5;79.25;10.6;9.6;6.066667;3.9;0.6;21.2;29.2;71.0
3;24.1;24.0;29.4;31.4;81.25;79.25;10.1;10.6;6.2;4.233333;0.0;22.0;30.4;78.0
8;21.5;24.2;29.2;31.4;81.75;75.75;8.4;9.3;3.333333;3.3;0.0;20.3;29.0;85.75
2;26.6;22.5;31.8;31.0;75.25;80.5;10.5;9.4;3.133333;4.333333;0.0;25.4;31.2;80.5
11;25.2;21.8;31.2;28.6;75.5;84.5;8.5;7.4;4.133333;4.466667;0.1;24.2;29.6;82.5
8;22.1;26.7;28.0;30.8;87.0;79.25;3.4;9.5;4.366667;5.866667;0.0;20.1;28.6;81.0
9;21.2;18.4;28.6;29.8;89.0;83.5;5.3;9.7;3.866667;4.366667;0.0;19.0;28.6;77.25
8;20.0;21.2;26.4;27.4;87.25;86.75;1.3;1.0;3.166667;4.433333;0.0;21.4;28.8;78.25
9;21.0;24.0;28.6;31.2;83.5;78.5;10.2;8.8;4.566667;3.366667;0.0;24.4;29.2;72.25
6;19.6;22.3;29.6;29.6;90.5;75.25;9.1;8.5;5.1;5.966667;3.8;23.4;30.2;79.75
11;20.2;21.4;28.8;29.2;81.75;78.25;5.5;9.8;2.6;6.166667;0.0;25.7;30.0;79.0
1;23.4;25.3;29.8;30.0;82.75;77.5;9.9;10.1;5.166667;4.133333;2.1;23.8;30.4;68.0
6;19.0;22.2;29.0;29.4;83.75;82.25;9.4;9.2;5.066667;4.1;10.6;22.4;29.0;80.25
8;24.2;23.3;30.4;29.0;77.0;90.75;10.9;3.5;3.466667;2.233333;0.2;22.0;28.8;72.0
8;22.6;25.4;28.8;30.0;79.25;85.0;7.6;10.6;4.4;5.8;0.0;20.0;29.0;81.5
6;21.5;24.4;29.6;30.2;80.0;85.5;10.5;8.3;5.5;3.666667;0.0;20.4;29.2;81.75
10;24.0;25.2;29.2;30.2;71.5;77.0;9.3;9.1;5.0;3.7;0.9;24.7;28.8;73.25
9;21.2;24.4;29.2;31.4;82.25;78.75;8.6;10.6;4.933333;3.466667;1.6;22.6;29.4;81.75
8;24.8;22.0;30.6;30.0;80.25;75.0;10.2;10.9;5.766667;5.366667;1.0;22.1;29.2;81.5
8;22.4;24.0;31.0;30.4;88.0;77.0;8.6;11.1;3.066667;5.033333;0.0;16.2;28.4;84.75
10;22.0;22.0;28.0;30.0;85.25;82.0;6.1;10.7;4.533333;3.033333;10.9;23.4;28.8;74.25
8;20.6;20.0;28.6;30.2;80.0;90.25;10.6;7.5;5.2;4.833333;1.1;22.2;29.0;80.5
4;22.1;25.2;29.0;30.4;82.0;79.25;9.4;8.8;5.7;3.6;10.3;23.1;30.7;85.75
1;23.2;22.8;29.6;30.0;81.25;80.5;1.0;8.2;3.566667;3.966667;115.5;23.0;30.8;79.25
11;21.8;22.4;28.8;28.2;85.25;88.25;6.3;2.2;4.8;3.3;2.2;20.0;30.0;84.5
5;22.7;21.6;29.6;28.2;81.0;90.0;10.5;5.0;5.166667;3.033333;0.0;24.0;29.8;86.0
11;25.4;24.6;30.4;31.2;77.75;74.0;9.9;10.0;5.2;5.0;0.0;25.8;30.6;74.25
3;22.8;22.8;28.2;28.6;73.75;78.25;8.0;10.3;4.433333;5.8;5.9;22.6;29.5;81.0
8;25.8;23.4;29.6;30.0;76.5;78.75;7.3;9.5;5.7;5.9;1.8;22.5;29.2;80.75
11;22.4;22.7;29.4;29.8;77.75;76.25;8.5;10.3;3.6;4.633333;0.0;24.0;30.8;80.25
6;23.0;23.0;29.0;31.4;74.25;88.0;9.4;3.2;5.266667;1.633333;8.8;21.0;28.2;95.75
7;23.8;22.5;30.0;29.2;79.5;91.0;7.7;7.3;5.433333;1.6;0.7;22.7;27.2;88.0
11;24.0;22.5;30.2;28.0;81.25;80.25;6.7;6.1;5.533333;5.466667;0.0;25.0;30.0;71.5
8;20.2;25.0;29.6;29.8;88.5;78.75;9.7;10.2;5.7;3.766667;0.0;21.1;26.4;83.25
6;22.9;25.2;29.0;30.8;80.5;81.75;10.9;10.2;1.6;4.133333;1.4;21.9;28.6;84.5
8;24.2;21.6;30.6;29.6;78.75;76.5;5.7;9.5;4.133333;4.7;5.1;24.0;28.4;77.25
8;24.0;26.1;29.8;30.2;77.75;74.75;10.3;9.9;5.0;4.7;1.5;20.6;27.8;90.0
7;23.7;24.2;29.3;31.0;86.75;82.0;3.1;8.5;2.833333;2.4;6.5;19.1;24.2;97.5
5;25.2;24.6;30.6;30.2;79.25;73.75;11.1;10.4;5.233333;3.066667;0.0;24.0;30.4;85.25
4;25.7;22.1;30.6;29.6;76.0;78.75;10.3;7.7;3.966667;6.333333;7.4;26.5;30.0;77.75
8;23.8;24.2;28.6;29.8;84.25;87.0;6.9;10.5;2.9;1.6;0.2;23.1;29.0;81.75
6;24.0;19.2;30.2;28.6;74.0;84.75;10.3;10.4;3.066667;4.366667;0.0;23.0;29.8;72.75
11;20.4;20.6;28.0;28.2;78.0;67.5;5.6;9.3;5.566667;5.733333;0.0;21.0;30.0;71.25
3;25.2;23.2;30.0;29.3;77.25;76.75;2.1;9.6;1.1;2.733333;0.0;26.2;32.6;76.5
10;20.5;23.5;27.8;30.0;78.25;75.25;9.8;10.2;3.4;6.2;0.0;20.2;29.2;82.75
8;22.9;25.2;30.2;30.2;76.5;87.5;5.9;10.8;5.2;5.4;3.5;20.2;28.6;82.75
3;22.8;25.2;29.8;29.6;83.75;73.0;6.9;9.3;5.966667;4.4;1.5;23.8;31.0;85.0
5;22.8;24.0;29.0;28.4;75.25;84.75;10.5;3.8;4.5;3.3;0.0;22.7;30.4;81.75
2;19.8;24.2;29.4;31.0;79.25;77.75;5.6;10.5;5.566667;1.6;0.0;20.0;30.8;90.0
3;20.5;20.2;28.4;28.5;87.25;80.5;9.4;10.6;4.533333;3.633333;9.1;25.0;30.6;78.5
12;25.7;21.5;30.8;29.8;81.25;81.0;10.4;9.9;4.15;4.833333;0.0;26.2;31.0;75.25
4;25.0;22.8;32.6;30.4;73.5;77.25;10.5;10.3;5.3;5.0;1.1;23.6;27.6;92.5
8;25.8;24.6;30.0;29.8;75.25;84.0;10.3;10.1;4.3;3.566667;4.4;23.8;28.6;81.25
7;21.1;20.9;29.0;27.6;77.25;82.5;8.0;7.8;3.933333;5.5;13.5;21.1;28.8;91.5
12;23.6;20.6;28.4;28.4;82.75;85.75;3.5;8.9;3.433333;5.4;2.0;23.4;29.4;86.25
11;18.2;25.6;28.4;30.0;96.25;73.25;10.2;11.2;3.1;4.433333;0.0;25.0;29.6;75.25
1;23.0;20.0;31.6;27.4;78.5;84.25;10.8;6.4;4.766667;5.8;0.0;24.5;30.2;79.0
11;24.1;19.8;30.0;29.2;79.25;71.0;8.0;10.2;5.9;5.033333;0.0;24.2;30.0;72.5
8;22.5;25.8;28.6;30.2;92.25;81.5;4.1;7.5;2.133333;3.466667;1.0;21.4;28.8;83.75
4;19.2;23.7;28.6;30.2;77.75;81.25;10.4;9.6;4.333333;4.566667;0.4;23.7;29.8;89.5
4;18.2;22.1;28.2;28.2;84.75;91.5;9.4;7.9;5.833333;4.266667;8.6;22.5;30.4;82.25
5;23.0;24.5;29.2;30.0;79.75;84.25;9.2;6.7;4.633333;3.966667;0.0;22.1;29.8;76.5
7;22.8;24.4;29.3;29.6;91.75;71.25;1.1;10.6;2.566667;3.133333;0.0;21.0;28.0;75.0
1;25.2;21.0;30.2;30.2;72.0;89.75;8.9;3.8;1.6;4.266667;0.0;19.8;30.2;81.25
6;21.6;25.0;28.4;31.0;76.25;81.75;7.8;6.5;5.266667;4.1;0.5;18.4;28.6;81.75
2;21.0;22.4;28.0;29.0;91.25;79.5;2.2;10.6;3.266667;5.766667;0.0;24.0;31.0;77.75
1;23.6;22.5;30.4;29.6;78.5;80.25;9.0;9.3;5.233333;4.966667;4.4;21.0;29.6;89.0
5;22.2;26.0;30.0;30.4;81.75;76.25;7.3;10.3;3.666667;2.9;0.0;21.8;30.2;77.75
8;23.4;19.0;31.2;30.0;80.75;91.0;10.1;9.2;3.366667;3.7;2.4;18.6;27.8;95.0
6;24.0;20.0;31.6;28.8;74.25;82.25;8.6;6.1;4.666667;3.533333;9.8;23.1;30.2;81.0
9;23.6;21.9;31.2;26.4;78.25;92.75;10.8;0.4;4.2;3.966667;0.7;18.8;28.0;83.5
11;22.0;25.4;30.2;30.0;71.5;72.75;10.7;10.9;5.533333;4.433333;3.6;23.4;29.7;74.5
11;26.1;25.0;30.0;29.0;74.25;74.0;2.7;9.8;3.933333;5.533333;0.0;25.6;30.6;74.75
12;25.2;23.6;30.0;27.6;75.25;91.5;10.3;0.4;3.2;1.466667;0.0;24.8;30.2;80.5
4;22.0;25.7;28.0;30.2;86.0;77.25;9.4;10.5;3.5;5.433333;2.8;26.0;31.6;76.0
5;22.2;23.1;29.4;28.6;87.0;81.25;9.3;2.3;4.133333;4.633333;0.0;23.6;30.4;78.0
8;21.3;25.0;28.8;29.6;76.5;78.75;10.2;10.1;4.966667;4.4;6.8;18.0;27.2;78.75
1;22.3;23.4;29.0;29.6;82.75;82.75;9.6;0.9;3.333333;4.433333;1.6;22.7;30.6;77.5
7;24.2;22.6;30.4;29.6;79.0;78.0;9.3;10.7;2.6;5.533333;18.9;22.2;27.4;88.5
4;18.6;23.0;29.6;30.6;87.75;82.25;9.8;9.8;4.533333;4.566667;0.4;23.6;29.8;82.75
2;25.2;25.8;29.0;29.8;83.25;77.25;9.4;3.5;4.233333;3.333333;3.0;24.0;30.8;80.25
10;23.8;17.0;30.6;28.4;78.0;96.25;10.6;9.6;4.9;3.533333;0.0;25.0;29.2;72.75
5;20.1;26.1;27.8;29.4;81.5;79.75;9.8;10.0;4.5;5.3;6.5;23.5;28.0;86.5
11;24.2;17.2;30.0;28.6;72.75;84.75;11.4;10.3;4.133333;3.933333;0.0;21.4;30.4;73.0
6;21.7;25.2;27.6;30.6;87.5;73.0;4.2;10.5;4.6;5.033333;1.4;20.0;29.2;78.75
3;23.8;20.0;30.4;29.2;76.75;87.25;8.3;5.9;2.8;2.633333;4.5;24.2;31.4;80.5
5;25.0;21.2;30.6;28.8;80.0;83.25;11.2;9.9;2.866667;5.233333;0.2;24.6;31.2;79.0
5;20.7;20.6;26.6;28.8;84.25;81.75;3.6;7.4;2.6;3.566667;0.6;20.0;29.4;88.25
9;23.2;25.2;30.4;30.0;80.0;82.25;10.3;9.1;4.033333;5.433333;11.5;23.4;29.0;77.75
11;25.4;19.9;30.8;25.6;74.25;81.25;10.7;0.0;4.35;5.266667;0.1;26.2;30.8;79.25
1;19.0;23.0;28.0;31.0;77.75;78.0;6.5;8.7;4.2;3.733333;0.4;24.6;30.4;79.25
8;24.2;24.0;30.6;30.4;85.25;78.5;4.8;7.0;1.2;3.5;4.0;20.8;28.6;83.5
6;22.2;23.5;30.0;28.2;76.5;93.5;1.4;0.5;5.533333;2.2;0.3;22.3;29.0;86.0
10;25.4;22.0;30.6;29.4;78.0;78.25;10.5;9.4;2.466667;5.8;0.7;24.0;30.6;69.5
1;18.0;25.4;28.0;32.0;85.5;75.0;10.5;8.9;6.2;2.7;4.0;26.0;30.8;78.5
1;20.2;24.1;29.8;28.8;79.5;91.5;7.1;9.5;4.133333;4.7;0.0;25.2;31.2;86.5
5;20.9;21.2;28.8;29.2;75.0;73.75;10.0;7.4;6.366667;4.7;0.0;26.0;30.6;79.5
2;20.4;22.8;29.0;28.0;86.5;88.75;8.6;1.5;4.766667;2.633333;0.0;25.4;31.0;78.75
5;24.9;22.8;29.8;29.0;73.5;86.25;10.1;2.5;4.866667;2.966667;0.0;22.3;29.6;73.5
7;21.8;23.2;30.6;30.6;71.5;75.5;10.2;10.5;4.033333;3.966667;0.0;19.2;28.2;73.75
1;25.3;25.4;29.6;31.6;73.25;75.0;7.2;8.0;5.2;3.366667;0.3;26.0;31.0;84.25
5;22.2;23.0;30.6;27.8;81.25;75.25;8.7;9.7;5.266667;4.9;11.0;22.8;29.6;80.5
8;21.3;22.8;29.2;27.6;84.0;90.75;9.1;0.8;3.4;2.633333;2.3;20.0;29.0;76.0
7;22.2;24.9;29.6;29.6;81.75;78.25;8.7;9.4;5.1;5.2;0.0;21.2;29.0;80.0
1;22.4;20.2;29.6;28.7;84.0;78.0;8.8;10.0;4.8;2.833333;0.0;23.2;30.2;78.0
7;25.0;25.2;31.2;30.4;73.25;80.75;8.3;11.4;3.866667;4.3;0.3;20.4;27.6;74.0
4;22.7;20.0;28.0;29.0;89.5;84.0;1.1;10.7;3.0;4.533333;1.1;24.3;30.2;78.75
8;25.1;22.0;30.2;29.2;74.5;93.0;9.8;1.3;3.733333;3.166667;0.0;20.7;29.6;76.0
10;22.4;22.2;30.0;28.2;78.75;70.5;7.4;10.5;4.833333;5.033333;0.0;24.2;29.8;81.5
6;20.0;22.4;28.4;27.8;84.75;94.75;6.7;0.0;4.166667;0.033333;0.0;21.0;28.6;89.75
1;25.2;25.0;30.8;30.8;83.0;80.25;9.4;10.4;2.733333;4.3;9.0;24.4;30.8;75.25
7;20.6;22.7;29.2;30.2;84.5;73.5;4.3;9.7;3.633333;4.0;18.1;19.4;28.4;83.75
3;20.0;22.7;28.8;31.2;77.75;81.25;9.3;8.2;5.866667;3.866667;12.5;22.0;30.0;82.5
7;24.0;24.0;30.4;30.2;75.75;78.5;7.9;10.3;4.766667;4.866667;0.1;21.7;30.0;76.75
5;23.8;21.1;29.0;28.2;79.0;79.5;10.0;4.1;6.1;3.966667;0.0;22.0;30.2;77.25
2;22.4;22.8;29.8;29.4;83.25;72.75;9.9;10.5;3.366667;4.133333;6.4;24.0;28.0;92.75
10;20.7;20.4;30.2;29.6;75.0;76.25;9.9;11.0;4.733333;5.4;0.0;25.0;28.8;77.0
9;26.2;24.0;30.8;30.8;76.75;78.75;11.0;9.7;4.8;4.966667;0.0;23.0;29.3;73.75
1;25.8;24.8;30.8;29.8;73.5;75.75;11.1;7.3;4.766667;4.133333;0.0;25.8;32.0;77.5
1;24.0;20.8;29.8;27.0;82.25;95.0;2.2;0.0;0.566667;3.0;0.0;21.0;30.4;80.0
6;23.5;22.6;30.4;29.6;78.25;83.0;4.9;4.9;4.133333;3.866667;42.0;20.6;27.6;90.25
1;21.5;21.1;27.4;28.4;89.25;84.0;5.1;9.7;3.566667;4.633333;2.3;25.0;30.2;78.5
6;22.0;24.4;30.0;29.2;89.5;84.0;10.3;4.9;3.3;3.8;0.0;22.9;29.4;82.5
7;22.7;24.4;29.6;30.6;85.25;77.25;6.6;7.7;0.866667;6.133333;6.3;22.5;28.0;81.5
2;24.2;16.8;30.4;27.8;82.75;96.25;10.4;9.5;2.6;3.8;7.6;22.1;29.8;84.25
6;23.1;25.1;29.4;30.8;86.75;71.75;10.5;9.1;4.533333;4.966667;9.9;22.4;28.8;85.0
5;24.2;23.4;29.2;29.2;84.0;77.5;4.6;9.3;3.633333;5.7;0.0;23.6;30.2;86.0
11;24.8;25.5;30.2;30.2;77.5;76.0;9.5;9.6;4.7;3.766667;3.7;23.2;29.2;78.75
7;21.0;21.7;29.4;29.0;84.0;82.0;3.4;6.6;5.133333;4.433333;3.6;23.0;28.8;85.25
12;21.0;22.9;29.6;30.4;77.25;87.25;10.2;6.9;3.8;4.4;0.0;25.6;30.6;72.75
11;22.0;25.4;29.8;30.8;76.5;76.0;10.5;11.3;4.966667;4.766667;0.0;22.7;30.2;82.25
7;20.8;22.8;28.8;30.6;92.0;78.25;0.1;9.1;3.1;5.233333;0.0;20.8;29.6;80.75
8;24.0;24.6;31.0;28.6;79.5;81.25;10.5;5.8;4.966667;4.8;38.8;18.2;28.4;95.0
11;21.9;25.2;29.8;30.2;73.5;77.25;9.1;10.2;3.633333;5.266667;0.0;25.0;30.2;81.75
10;20.3;16.2;28.8;28.4;77.5;84.75;10.6;10.4;4.133333;5.766667;0.0;22.1;30.0;71.75
12;21.4;23.4;28.2;28.8;82.0;87.75;8.9;7.0;5.066667;2.733333;2.0;23.4;30.2;76.0
2;26.6;20.9;30.4;28.2;81.75;82.75;6.1;4.3;1.6;4.433333;6.2;24.6;29.7;83.5
8;21.8;23.1;28.4;31.0;83.25;79.5;9.6;9.9;6.2;4.966667;2.0;22.0;28.0;82.0
12;25.2;22.6;30.4;30.4;81.0;68.25;11.3;10.0;4.466667;5.766667;0.0;24.4;30.6;79.5
2;21.1;24.0;27.8;29.6;75.0;75.25;8.8;3.1;5.6;3.566667;0.0;22.0;30.6;78.5
10;18.4;21.0;28.6;30.6;87.0;77.0;10.5;9.5;4.133333;3.733333;0.0;24.9;29.8;78.75
6;20.8;21.3;29.4;29.2;86.5;78.5;10.4;10.2;6.166667;6.866667;54.1;22.4;25.2;97.25
12;23.4;21.1;29.6;29.6;74.25;76.75;10.1;11.1;4.433333;3.866667;0.0;26.2;31.0;82.25
5;22.0;22.0;29.2;28.8;85.25;86.5;0.6;3.5;3.366667;2.966667;1.0;21.0;30.0;84.25
11;24.2;22.3;29.6;30.2;83.75;84.75;10.1;4.5;4.6;1.6;0.6;25.2;29.6;71.75
5;21.5;25.0;29.0;29.0;78.5;77.75;9.7;8.3;5.1;4.366667;1.1;24.6;30.0;84.25
7;19.6;25.0;30.4;29.2;89.0;82.75;8.7;1.5;3.4;3.8;4.2;18.0;28.6;82.75
1;21.0;23.6;29.6;30.4;89.0;78.5;6.1;9.0;4.133333;5.233333;0.0;27.2;31.4;76.0
8;23.0;22.9;29.6;29.0;71.25;85.25;9.8;9.1;3.8;3.666667;10.0;22.8;26.6;82.25
1;22.4;20.0;30.0;28.4;67.75;77.75;9.6;10.5;4.8;3.3;0.0;26.2;30.2;72.75
10;24.0;20.3;29.8;28.2;79.0;86.5;10.6;0.2;5.233333;3.8;0.0;25.0;30.4;78.0
6;20.0;23.6;28.0;26.2;81.75;92.0;10.5;0.2;3.0;3.066667;43.9;20.0;25.0;95.25
3;22.9;24.5;31.0;31.4;77.25;80.5;8.8;10.2;3.933333;3.2;0.0;23.7;31.2;70.5
5;21.0;22.8;29.0;30.2;84.5;93.25;10.4;3.0;3.2;0.3;0.0;24.6;31.0;78.0
2;22.5;25.8;29.2;29.6;80.75;76.5;5.7;7.3;5.4;5.7;0.4;25.0;31.2;76.25
9;25.2;24.1;30.4;28.8;75.25;81.25;10.6;10.1;4.966667;5.533333;0.0;23.8;29.2;80.75
11;25.0;24.8;30.6;30.8;83.0;81.25;3.9;5.2;3.866667;2.833333;0.0;25.4;30.2;69.5
1;24.2;24.2;30.0;31.2;84.25;75.0;9.6;7.8;5.133333;3.966667;0.0;26.1;30.6;74.5
7;26.0;22.0;30.4;28.4;76.75;81.75;9.8;10.0;3.966667;5.9;0.0;19.0;29.4;78.75
6;22.1;24.7;30.0;30.0;82.5;84.0;8.8;9.3;2.466667;5.466667;28.0;21.9;27.8;86.0
8;21.0;25.2;28.4;30.0;83.5;74.25;10.2;10.8;4.766667;5.033333;1.8;20.5;27.0;81.25
3;21.9;22.1;27.8;30.0;86.0;82.5;3.2;8.8;2.633333;2.466667;0.0;23.0;31.2;89.5
7;26.1;24.2;30.8;30.4;71.75;79.75;9.3;7.8;5.566667;3.566667;0.1;21.0;28.0;74.5
9;26.6;24.8;31.4;30.6;82.0;77.25;5.2;10.6;4.233333;3.133333;0.0;24.9;28.8;77.5
7;22.2;20.5;28.2;29.6;79.5;72.5;5.0;10.5;5.333333;5.866667;12.1;19.0;28.6;79.0
9;25.2;23.6;31.5;30.4;76.0;77.5;9.8;5.2;5.166667;3.833333;5.5;21.1;26.8;91.25
3;23.1;24.2;27.4;31.4;95.0;80.5;0.9;7.2;3.866667;2.733333;0.0;24.0;32.0;77.0
9;25.1;22.0;30.2;30.0;73.25;81.0;11.0;10.5;3.4;4.633333;0.6;24.4;29.2;73.5
10;16.4;24.6;28.8;31.0;77.25;74.5;8.4;11.0;4.733333;3.633333;0.6;23.2;29.6;77.25
12;25.8;22.4;30.2;29.6;76.25;83.25;9.9;10.1;4.733333;5.2;0.0;25.0;30.4;82.5
7;20.0;23.8;28.8;30.6;87.5;82.25;8.9;7.2;4.533333;4.866667;0.0;20.4;28.4;86.5
11;20.0;20.2;29.0;27.6;77.5;88.5;10.8;7.7;5.633333;3.066667;0.0;26.2;30.8;72.5
6;21.2;23.6;29.2;30.4;82.25;77.5;10.6;4.9;4.566667;3.8;25.1;22.4;29.2;88.0
11;26.4;23.2;30.6;29.6;81.25;77.25;10.7;9.0;4.966667;3.3;0.0;22.2;30.8;69.0
3;18.1;20.0;28.0;27.6;83.25;92.5;10.1;2.6;5.033333;1.5;0.0;20.2;30.4;80.5
5;27.4;22.1;31.4;29.2;85.75;84.25;10.3;8.3;5.266667;4.7;0.2;24.4;30.4;80.5
2;23.0;19.3;29.2;29.0;92.0;84.25;7.2;5.5;3.266667;3.4;0.0;24.2;32.0;76.5
12;20.5;25.5;30.0;30.7;81.0;69.0;10.2;11.3;3.633333;5.3;0.0;24.8;30.2;79.75
8;24.3;24.4;29.8;30.6;72.75;80.5;9.7;8.9;3.466667;3.033333;0.0;20.9;28.4;81.0
8;26.2;24.6;30.4;31.0;80.0;79.25;9.3;11.0;4.233333;5.733333;3.3;20.6;29.0;82.0
11;27.1;24.1;30.6;30.4;76.75;81.5;10.4;10.9;6.066667;3.033333;0.0;21.0;29.8;83.5
7;22.4;21.2;28.8;29.2;81.75;81.0;3.9;9.5;4.5;5.4;3.0;20.7;28.4;71.75
8;24.0;20.4;29.4;25.6;75.5;92.75;10.9;3.0;3.566667;3.4;3.1;22.8;29.2;82.0
8;19.0;24.4;25.8;29.0;93.0;73.5;0.0;10.5;3.2;4.0;1.1;21.5;27.8;93.75
11;24.2;22.4;29.8;30.0;79.75;81.25;3.3;9.1;2.466667;4.766667;0.0;21.2;30.2;82.25
12;23.5;21.4;27.4;28.6;93.25;80.75;0.2;10.6;2.866667;6.233333;0.0;25.2;30.4;77.5
2;23.0;24.6;28.8;31.0;84.0;81.0;4.7;8.2;3.4;4.266667;0.3;24.6;30.4;73.25
2;23.8;19.0;29.6;28.4;78.75;91.0;10.9;0.8;3.866667;1.866667;0.0;27.2;32.0;76.0
5;21.8;19.2;28.6;27.8;83.75;93.25;5.9;1.8;2.833333;4.1;12.8;24.4;30.8;81.0
11;21.3;25.0;28.8;29.4;86.0;71.0;8.9;8.7;3.7;5.8;0.0;20.2;29.8;84.5
5;25.2;21.0;30.6;27.5;80.5;93.75;8.8;0.0;4.1;1.9;1.1;24.4;29.6;84.5
4;24.0;22.6;29.6;27.6;81.75;91.5;9.6;1.4;3.866667;2.7;0.3;22.2;30.2;78.5
1;24.2;25.1;29.4;30.2;69.0;82.75;10.5;8.8;6.066667;3.633333;0.0;25.6;31.0;73.5
12;25.6;20.2;30.0;28.6;79.5;84.5;10.9;10.6;3.466667;5.0;0.0;26.2;31.0;74.5
12;26.0;26.1;30.4;30.8;80.25;74.0;8.9;10.3;5.366667;5.066667;1.0;24.4;30.4;78.0
4;22.9;22.0;30.6;27.8;79.25;88.5;7.9;2.2;1.6;2.566667;0.0;24.2;31.2;78.75
7;23.1;21.5;31.6;26.2;72.25;95.75;9.2;0.0;3.966667;1.633333;0.0;21.0;28.6;81.0
10;22.5;23.2;29.8;27.8;82.25;92.75;2.2;4.6;2.466667;5.833333;0.1;23.8;30.0;73.75
9;21.9;22.7;29.4;29.6;81.75;86.25;8.3;6.1;4.433333;5.0;0.0;21.6;30.0;75.0
10;24.5;25.7;30.2;30.6;77.25;76.25;7.2;10.2;4.966667;4.566667;1.0;24.4;30.2;81.0
12;22.0;19.9;29.2;28.0;86.5;91.5;6.7;7.5;3.3;4.433333;0.0;22.8;30.2;74.5
5;22.1;21.9;28.8;29.0;83.5;82.75;9.7;7.0;4.0;6.466667;0.3;21.6;30.0;82.25
9;23.0;24.9;29.6;29.8;77.5;78.0;8.8;10.0;5.466667;5.466667;0.0;20.8;29.8;69.0
1;26.1;24.4;30.0;30.4;78.5;79.75;4.2;9.4;5.2;3.633333;0.0;25.4;30.2;78.5
10;22.8;20.6;29.7;28.8;76.25;84.25;9.1;8.9;2.6;4.6;0.0;21.6;29.6;79.0
3;24.6;23.2;31.0;29.2;77.5;86.75;9.5;7.4;5.466667;3.2;0.0;25.0;31.6;76.25
3;26.7;21.7;31.2;28.8;79.75;91.0;10.9;9.1;4.4;5.0;3.7;23.2;30.4;75.75
5;20.0;26.0;28.2;31.6;84.5;74.5;10.5;10.5;4.033333;4.733333;2.9;23.4;30.6;73.0
5;25.1;21.3;29.6;28.8;78.5;82.0;10.6;8.8;5.1;3.566667;0.0;23.6;28.4;92.75
2;21.0;21.8;29.2;30.2;85.0;80.75;6.3;7.9;3.633333;3.466667;66.1;23.0;28.6;91.75
1;22.2;18.0;27.8;28.2;81.0;88.0;7.5;5.7;5.266667;4.4;0.0;23.6;30.6;75.25
6;26.1;23.3;30.4;28.8;76.25;83.75;7.2;6.8;4.0;5.1;0.2;18.0;29.0;83.5
8;24.0;19.4;30.8;30.6;75.0;80.25;10.5;9.7;5.033333;5.833333;7.3;18.2;28.4;80.25
3;25.0;25.1;30.4;30.2;78.75;76.75;10.8;9.2;4.466667;5.533333;0.0;23.8;31.0;71.75
12;24.2;21.0;29.8;29.4;80.0;81.5;10.9;9.9;4.033333;7.566667;0.0;24.4;30.4;77.25
11;25.5;25.1;31.0;30.0;76.75;83.0;5.0;8.9;4.2;4.633333;2.2;22.3;30.0;79.0
4;23.1;25.6;29.6;31.6;77.0;79.25;9.8;10.1;4.133333;5.0;0.0;25.2;32.0;77.25
3;23.1;26.0;30.2;30.8;81.25;71.0;7.2;10.6;5.933333;6.633333;23.2;23.8;29.8;83.75
3;23.3;25.2;30.0;30.0;83.75;83.0;2.9;8.7;3.166667;5.966667;104.4;23.2;26.0;93.0
10;22.5;25.7;29.2;30.8;89.25;81.25;8.0;10.4;4.3;4.05;0.2;21.6;28.6;79.0
2;22.6;20.2;29.4;30.6;83.5;90.25;7.5;8.6;3.8;4.1;0.0;24.1;30.4;81.5
5;21.2;22.7;30.0;29.2;84.5;75.75;10.2;10.1;3.733333;3.7;4.7;22.0;29.8;89.5
1;21.6;25.2;28.6;31.0;78.75;73.5;10.1;11.0;5.533333;3.733333;0.0;22.1;30.8;77.0
5;20.6;21.4;30.0;28.0;74.0;86.0;10.6;3.4;3.2;3.0;39.9;24.2;31.0;83.75
6;24.0;22.6;30.0;29.6;77.25;82.25;9.2;8.7;5.233333;3.766667;0.0;24.4;31.2;79.5
9;25.8;22.2;30.6;31.0;78.5;87.5;10.3;6.5;4.133333;4.1;0.0;20.6;29.0;79.75
2;21.0;25.6;29.2;30.2;87.0;80.25;10.3;7.6;5.2;2.366667;0.2;25.9;30.6;82.0
1;22.6;21.8;29.0;29.0;81.0;81.5;8.4;6.0;5.1;4.4;0.0;20.3;30.4;80.5
2;20.0;22.0;28.4;30.2;80.25;74.75;7.9;8.9;5.2;5.733333;0.0;24.0;31.0;77.5
10;22.4;23.2;28.0;30.6;88.25;86.5;3.0;7.7;2.633333;4.533333;0.0;25.5;30.0;76.0
7;24.3;26.0;30.2;30.6;78.5;77.25;10.9;10.5;3.066667;1.6;25.6;20.0;27.2;89.75
1;24.0;20.2;29.4;27.8;80.0;84.75;4.8;7.6;3.233333;4.633333;0.0;23.5;29.8;77.5
2;25.1;25.6;30.6;30.2;74.5;79.0;10.1;11.0;5.366667;1.6;0.2;24.0;30.6;74.0
7;19.0;26.2;30.0;30.8;83.75;72.0;6.8;11.1;3.4;4.666667;4.4;21.6;28.5;74.0
4;21.6;20.2;29.6;30.2;85.75;77.25;8.4;8.8;3.733333;5.466667;0.5;23.0;30.2;78.5
5;24.2;26.2;30.8;31.2;82.0;77.25;9.7;10.0;4.666667;5.8;3.2;22.5;30.1;77.25
1;25.4;23.8;30.6;27.2;75.75;87.0;10.5;0.2;3.7;1.6;0.7;23.0;31.2;83.75
4;22.9;22.9;30.1;29.0;76.5;79.0;6.9;10.0;3.5;6.3;5.0;23.2;29.8;80.0
5;21.2;22.1;28.8;28.0;73.75;90.25;9.9;5.4;5.233333;2.433333;0.0;22.0;29.8;93.75
9;21.0;24.4;30.8;30.4;91.75;81.75;7.9;6.0;3.866667;1.6;1.0;20.9;27.2;79.5
10;26.4;19.8;30.8;28.6;74.75;84.25;11.3;7.1;4.7;4.166667;0.0;23.4;29.6;77.0
7;20.2;24.6;30.2;29.6;80.75;80.25;5.3;10.7;2.0;3.233333;134.8;17.1;27.4;94.75
7;18.0;24.8;28.4;31.6;92.75;74.5;4.2;9.9;4.2;3.566667;0.0;22.7;29.2;77.75
8;22.6;21.7;30.6;25.8;72.25;95.75;7.9;0.3;2.9;2.2;0.0;21.9;28.8;73.75
5;25.2;21.4;29.8;29.4;69.0;81.0;10.9;9.8;4.933333;7.266667;30.2;23.7;30.0;92.5
8;24.0;22.0;29.4;31.2;73.5;81.5;7.7;9.9;3.233333;5.4;0.0;20.3;26.8;89.75
2;26.0;24.6;30.6;31.6;79.75;78.5;10.8;11.3;4.366667;4.633333;0.0;24.6;30.6;79.0
7;21.0;20.4;29.2;29.4;86.25;76.75;7.9;7.8;4.233333;5.133333;45.9;21.4;25.0;94.75
4;21.1;26.2;28.4;30.4;81.25;78.0;8.4;10.2;4.666667;4.666667;7.4;24.0;31.8;82.5
5;21.6;26.0;25.6;31.0;95.5;78.25;0.2;11.3;3.466667;4.433333;0.0;18.6;29.2;77.25
3;23.0;20.8;29.8;28.6;79.25;85.0;8.8;1.8;4.033333;4.233333;0.0;24.8;31.6;74.5
3;24.0;22.9;30.4;29.8;79.25;85.0;9.9;3.8;4.266667;3.633333;6.5;22.3;30.2;84.75
5;22.6;24.0;27.4;30.6;82.5;78.25;5.1;10.1;4.9;5.7;0.0;22.2;29.8;82.5
6;22.9;21.4;29.4;27.0;89.5;88.5;4.1;4.1;1.533333;2.833333;0.0;23.6;29.2;85.0
6;22.6;23.4;30.0;30.6;77.5;77.25;7.8;11.5;4.7;6.166667;0.8;23.4;29.4;85.25
7;24.4;22.6;29.6;28.4;78.5;92.5;9.7;2.4;4.133333;4.0;0.0;19.6;29.4;78.25
1;22.7;19.0;29.8;29.2;73.25;84.5;8.3;9.7;5.433333;4.4;0.0;26.6;31.0;75.0
4;25.4;25.8;29.8;31.2;77.25;71.0;10.2;11.1;1.6;6.1;0.0;25.6;30.6;76.5
3;20.8;23.4;29.2;30.4;77.5;79.0;9.7;10.6;5.0;5.233333;33.1;22.2;30.1;92.75
7;23.6;20.8;29.0;26.4;83.25;88.75;10.0;0.9;4.166667;2.9;0.2;22.2;27.4;84.0
2;25.0;17.2;29.8;29.2;86.25;83.0;9.5;6.3;5.033333;4.7;0.0;23.1;29.6;79.25
8;22.7;24.2;29.8;30.4;84.25;87.0;10.0;7.3;4.5;3.533333;0.0;22.9;29.4;78.75
4;17.8;27.2;28.6;31.4;82.75;76.0;9.3;9.6;4.7;3.433333;0.0;24.4;31.0;78.0
4;22.2;21.8;30.8;28.8;72.25;75.25;10.7;6.5;3.733333;4.966667;0.8;21.2;30.4;72.5
9;24.2;26.8;30.6;30.6;75.25;78.25;10.4;7.8;5.466667;1.6;0.0;23.8;29.6;74.5
11;24.2;26.6;29.4;31.0;75.0;78.75;10.3;10.7;7.166667;3.966667;25.8;23.0;30.0;76.5
11;21.0;24.6;29.6;30.6;78.75;71.5;10.7;10.4;4.666667;3.866667;0.0;21.8;29.8;82.75
10;23.0;26.4;29.6;31.0;80.0;78.5;10.2;10.0;3.4;2.866667;0.3;23.8;31.2;77.25
5;23.4;24.4;27.8;29.9;89.25;83.75;1.9;4.5;3.0;3.8;1.0;23.8;29.6;84.0
10;24.0;25.6;31.0;30.8;76.75;75.5;7.3;9.7;4.633333;5.5;7.0;23.8;29.0;83.5
9;20.0;26.0;27.8;31.2;83.25;73.75;6.3;9.6;3.133333;4.2;6.3;23.4;29.0;83.0
8;19.0;22.0;28.8;28.0;83.25;76.25;8.8;8.1;4.433333;5.7;0.0;21.3;29.2;76.75
4;24.0;19.4;31.0;30.6;71.0;79.0;10.5;11.1;4.366667;3.6;1.8;23.8;31.1;80.75
7;20.1;22.1;28.6;28.0;81.0;87.0;9.8;3.4;4.4;4.366667;48.9;22.4;28.4;81.25
2;20.6;25.0;28.6;30.6;82.5;76.0;7.9;9.6;4.1;3.566667;0.0;26.3;30.4;74.75
12;19.2;22.1;26.0;27.6;79.0;91.75;1.7;3.8;5.666667;1.6;0.0;24.6;29.6;72.0
9;25.6;20.2;30.0;29.8;77.75;81.25;11.1;9.6;4.466667;5.433333;0.1;21.4;29.4;83.0
3;21.2;23.2;30.1;30.8;78.5;78.0;10.2;0.0;4.8;3.4;1.8;25.2;30.6;79.75
7;24.0;23.8;30.0;30.2;90.25;78.5;5.7;10.1;1.6;4.966667;1.9;21.4;27.8;79.0
7;23.2;22.6;30.6;30.0;81.0;79.0;10.2;10.8;2.466667;4.366667;13.6;22.2;27.8;82.5
10;25.0;23.1;30.8;28.2;76.25;84.0;9.8;9.3;4.233333;4.3;0.0;22.3;29.8;75.0
3;22.0;21.4;31.2;29.6;72.5;77.75;10.5;10.7;6.4;5.066667;0.0;24.4;32.8;74.5
4;23.6;23.2;30.2;30.8;77.75;76.75;4.8;9.2;4.8;3.966667;0.0;24.4;31.4;74.75
2;23.4;25.4;30.6;29.4;80.5;71.25;9.9;11.0;2.733333;4.266667;0.0;22.9;31.0;76.5
6;24.6;24.4;30.4;30.4;76.0;73.75;10.0;10.8;3.666667;4.066667;0.0;22.5;29.6;79.75
4;24.4;22.5;29.0;29.2;80.0;82.5;9.8;6.0;4.033333;5.433333;3.9;23.3;30.1;89.75
5;23.4;21.8;30.4;29.8;83.75;73.25;11.3;7.4;6.966667;5.966667;0.0;21.0;30.2;76.5
9;23.8;24.0;29.6;29.6;65.75;77.75;11.0;9.5;3.3;5.9;0.0;17.6;28.8;88.5
12;25.4;23.8;32.2;30.6;78.0;79.5;8.7;11.0;5.166667;4.033333;0.0;24.6;30.2;75.75
5;25.0;25.0;30.0;30.0;75.75;77.75;9.7;7.4;1.6;4.533333;0.0;20.0;30.6;79.25
8;23.0;23.4;28.6;29.0;86.75;77.5;10.6;6.1;3.733333;4.3;0.0;21.4;26.6;88.0
1;22.0;25.0;30.6;30.6;78.0;81.5;5.7;5.1;3.866667;3.6;0.0;26.0;31.0;78.25
2;25.2;25.9;29.8;31.0;76.5;75.75;10.9;6.1;1.6;3.9;13.4;19.0;30.8;81.0
1;24.2;22.0;28.4;29.4;79.5;84.5;9.8;5.5;3.166667;3.866667;0.0;26.2;31.0;74.75
12;23.4;26.0;30.0;30.4;74.0;80.5;9.7;5.6;4.8;5.633333;0.3;26.0;30.4;77.25
8;24.2;25.4;29.8;30.6;80.0;78.5;9.4;8.4;1.6;3.866667;0.0;20.6;28.8;76.25
12;25.2;22.3;29.4;30.0;74.0;72.25;9.3;9.5;1.6;4.6;2.0;24.2;30.4;81.25
2;21.0;26.1;30.4;29.8;80.0;77.25;9.2;6.4;3.5;3.133333;0.0;25.0;32.0;76.25
4;23.0;24.2;30.4;31.0;79.0;77.75;10.8;9.5;2.5;2.533333;60.5;24.1;29.2;92.25
11;22.0;23.3;31.0;30.0;79.75;73.0;6.6;10.3;5.3;3.766667;0.0;25.2;29.8;68.75
9;21.9;21.7;27.8;29.6;73.75;88.0;10.1;8.9;3.066667;4.5;0.3;21.0;29.0;87.75
5;23.4;22.2;29.8;29.0;83.0;78.25;2.5;10.6;2.866667;3.5;0.8;23.0;30.5;80.25
9;26.4;23.0;30.8;29.8;80.75;79.25;8.7;10.5;4.7;4.9;0.0;20.6;29.0;89.25
3;17.0;25.2;28.4;30.4;96.25;70.5;9.6;11.0;3.533333;5.266667;1.2;23.8;30.6;78.0
11;26.2;18.2;31.0;29.0;75.75;84.75;9.9;6.7;5.766667;5.1;10.5;22.4;29.4;77.0
12;22.5;25.2;30.8;30.6;76.5;76.25;9.5;10.5;4.7;4.933333;0.0;26.3;31.0;72.25
3;22.6;24.2;30.3;30.2;76.25;74.5;10.6;9.9;3.633333;4.7;0.0;24.6;31.4;77.75
6;18.4;23.0;27.4;30.0;84.75;76.5;2.3;9.9;2.466667;5.066667;4.0;22.8;26.6;92.25
12;25.0;23.2;30.4;26.6;80.5;91.75;10.4;1.2;3.866667;2.9;0.1;22.0;30.6;77.75
8;20.3;21.2;28.2;29.4;78.75;68.75;10.9;7.6;5.366667;8.033333;1.5;21.4;29.2;77.25
3;23.1;25.0;31.0;29.4;74.5;77.75;10.4;10.5;5.333333;4.4;0.0;26.0;31.6;74.75
1;19.4;23.1;28.6;31.4;74.25;80.25;10.5;10.9;4.7;2.5;0.0;24.1;29.6;76.75
8;20.7;25.4;29.4;30.0;81.0;79.5;10.5;10.3;2.733333;3.2;0.0;21.8;27.4;89.25
9;23.6;22.2;29.6;27.2;86.25;89.5;4.2;4.9;4.7;4.133333;0.0;24.0;28.6;71.0
11;22.0;20.3;29.6;28.2;78.25;89.0;7.5;9.5;6.366667;4.866667;51.9;23.6;28.2;86.0
4;24.0;21.8;30.4;29.0;80.5;83.25;10.5;5.3;4.133333;4.2;0.0;23.6;31.4;88.5
9;22.2;20.1;29.0;29.0;82.5;80.25;6.9;9.4;3.633333;5.2;0.0;20.4;28.8;71.0
9;19.9;25.4;28.6;30.6;79.25;78.0;9.6;9.6;4.033333;5.966667;12.4;22.8;28.8;73.25
9;23.2;21.4;28.6;28.6;92.0;80.25;2.8;7.5;2.1;4.4;0.0;25.2;29.8;75.25
1;23.2;23.0;29.0;29.8;85.25;80.25;8.3;9.5;4.3;2.7;0.0;24.0;30.6;82.25
5;23.2;21.4;30.4;30.2;78.75;84.5;5.0;10.9;3.966667;5.266667;0.0;26.5;30.0;84.0
4;26.9;25.2;30.4;30.4;82.75;82.0;10.5;5.7;4.733333;4.6;0.8;22.1;30.0;81.0
9;25.6;23.6;29.6;27.8;74.0;90.5;10.5;0.9;5.133333;1.366667;0.3;22.8;28.6;81.5
8;24.6;22.0;30.0;28.2;79.5;77.25;9.0;6.3;4.8;2.966667;4.6;20.0;28.6;80.75
4;20.3;21.8;28.4;30.0;73.25;83.25;8.7;10.8;5.233333;4.8;5.0;24.4;31.4;78.75
8;20.0;26.2;30.2;31.2;91.75;76.5;3.3;9.6;3.533333;4.733333;0.0;16.4;28.2;78.75
6;22.2;18.0;30.0;28.6;78.5;85.0;8.6;8.7;4.466667;5.933333;0.0;24.0;30.4;83.75
9;23.6;23.3;30.6;27.8;78.75;89.5;9.9;0.0;4.433333;3.733333;0.0;21.5;28.4;77.75
9;21.6;23.1;29.2;29.8;89.5;80.0;7.7;7.6;2.333333;5.533333;0.2;24.0;29.2;86.75
5;24.8;19.4;31.0;29.0;84.25;80.0;5.3;11.0;2.266667;5.866667;0.0;22.7;30.6;78.0
5;22.4;25.0;29.2;30.2;77.0;75.0;10.3;10.0;5.133333;5.0;21.0;23.6;29.8;85.25
8;25.2;20.8;30.4;29.4;77.5;80.25;10.0;9.9;3.066667;2.733333;97.7;21.8;24.6;95.5
11;24.0;23.5;30.0;29.8;79.5;75.75;9.4;6.9;3.866667;4.133333;0.0;25.2;30.2;74.5
2;23.6;22.8;29.7;28.2;72.5;74.0;6.0;4.9;6.066667;6.3;0.0;24.2;30.4;79.75
5;25.0;21.4;31.2;30.2;74.25;80.0;10.3;11.1;3.4;4.633333;13.6;23.7;29.8;87.75
8;18.2;23.0;30.2;30.6;92.5;78.0;7.9;4.8;3.966667;3.4;30.8;22.6;28.6;86.25
12;26.3;19.6;30.4;28.2;77.75;80.0;8.3;7.3;4.533333;5.6;0.0;25.4;30.0;79.5
7;21.1;20.1;29.2;28.0;70.25;86.0;10.2;3.6;5.666667;4.966667;34.4;22.4;28.4;79.75
9;19.0;22.0;29.6;29.4;83.0;85.0;8.0;8.5;3.566667;3.566667;0.3;21.6;28.8;83.75
6;22.4;22.4;28.8;30.0;82.25;76.5;8.3;10.0;5.233333;3.6;0.0;21.8;29.0;81.5
